"Id","OwnerId","IsDeleted","Name","CurrencyIsoCode","CreatedDate","CreatedById","LastModifiedDate","LastModifiedById","SystemModstamp","ConnectionReceivedId","ConnectionSentId","CodigoArquivo__c","ContratanteOrcamento__c","DescontoAgravo__c","Descricao__c","IOF__c","Numero__c","Percentual__c","PremioComercial__c","PremioPuro__c","PremioTotal__c","QuantidadeVidas__c","TaxaComercial__c","TaxaPura__c","TaxaTotal__c","TipoCalculo__c","DescontoAgravoMonetarioComercial__c","DescontoAgravoMonetarioInformado__c","DescontoAgravoMonetarioTecnico__c","DescontoAgravoPercentualComercial__c","DescontoAgravoPercentualInformado__c","DescontoAgravoPercentualTecnico__c","TipoDescontoAgravo__c"
"a1h0t000000TCNSAA4","005f4000000jPAEAA2","false","Seguro Individual","BRL","2019-07-03T19:49:31.000+0000","005f4000000jPAEAA2","2019-07-03T19:49:31.000+0000","005f4000000jPAEAA2","2019-07-03T19:49:31.000+0000","","","","a0g0t000000xZjiAAE","","","0.25","1","","67.66","9.45","63.2","1","0.037000104","0.006992","0.03443390621292379","","","-4.71","","","-6.935650199999999","",""
"a1h0t000000TCgiAAG","005f4000000jPAEAA2","false","Seguro Individual","BRL","2019-07-03T19:52:24.000+0000","005f4000000jPAEAA2","2019-07-03T19:52:24.000+0000","005f4000000jPAEAA2","2019-07-03T19:52:24.000+0000","","","","a0g0t000000xa2yAAA","","","0.08","1","","20.01","2.47","11.46","1","0.013851288","0.002622","0.007901232474119687","","","-8.63","","","-42.9566949","",""
"a1h0t000000TCjNAAW","005f4000000jPAEAA2","false","Seguro Individual","BRL","2019-07-03T19:52:50.000+0000","005f4000000jPAEAA2","2019-07-03T19:52:50.000+0000","005f4000000jPAEAA2","2019-07-03T19:52:50.000+0000","","","","a0g0t000000xa5dAAA","","","0.05","1","","12.29","1.44","5.22","1","0.009280925","0.001748","0.003925966646572051","","","-7.12","","","-57.69854139999999","",""
"a1h0t000000TDINAA4","005f4000000jPAEAA2","false","Seguro Individual","BRL","2019-07-03T19:58:52.000+0000","005f4000000jPAEAA2","2019-07-03T19:58:52.000+0000","005f4000000jPAEAA2","2019-07-03T19:58:52.000+0000","","","","a0g0t000000xaedAAA","","","0.09","1","","24.09","2.78","9.36","1","0.018444204","0.003496","0.007139691867397896","","","-14.82","","","-61.2903226","",""
"a1h0t000000TDgKAAW","005f4000000jPAEAA2","false","Seguro Individual","BRL","2019-07-03T20:02:15.000+0000","005f4000000jPAEAA2","2019-07-03T20:02:15.000+0000","005f4000000jPAEAA2","2019-07-03T20:02:15.000+0000","","","","a0g0t000000xb2aAAA","","","0.09","1","","24.41","2.84","10.08","1","0.018523143","0.003496","0.007620950254918655","","","-14.42","","","-58.85714289999999","",""
"a1h0t000000TE1hAAG","005f4000000jPAEAA2","false","Seguro Individual","BRL","2019-07-03T20:05:48.000+0000","005f4000000jPAEAA2","2019-07-03T20:05:48.000+0000","005f4000000jPAEAA2","2019-07-03T20:05:48.000+0000","","","","a0g0t000000xbNxAAI","","","0.07","1","","19.78","2.43","10.92","1","0.013867525","0.002622","0.007628885281568601","","","-8.93","","","-44.987405599999995","",""
"a1h0t000000TE4gAAG","005f4000000jPAEAA2","false","Seguro Individual","BRL","2019-07-03T20:06:32.000+0000","005f4000000jPAEAA2","2019-07-03T20:06:32.000+0000","005f4000000jPAEAA2","2019-07-03T20:06:32.000+0000","","","","a0g0t000000xbQwAAI","","","0.07","1","","18.55","2.18","8.1","1","0.013884443","0.002622","0.006039956397261172","","","-10.52","","","-56.49838890000001","",""
"a1h0t000000TE6cAAG","005f4000000jPAEAA2","false","Seguro Individual","BRL","2019-07-03T20:06:49.000+0000","005f4000000jPAEAA2","2019-07-03T20:06:49.000+0000","005f4000000jPAEAA2","2019-07-03T20:06:49.000+0000","","","","a0g0t000000xbSxAAI","","","0.5","1","","132.59","22.44","211.52","1","0.037001667","0.006992","0.05880676686488849","","","78.43","","","58.9300473","",""
"a1h0t000000TE6fAAG","005f4000000jPAEAA2","false","Seguro Individual","BRL","2019-07-03T20:08:52.000+0000","005f4000000jPAEAA2","2019-07-03T20:08:52.000+0000","005f4000000jPAEAA2","2019-07-03T20:08:52.000+0000","","","","a0g0t000000xbT0AAI","","","0.18","1","","46.76","5.78","26.88","1","0.032370319","0.006118","0.01853673146052199","","","-20.06","","","-42.735406899999994","",""
"a1h0t000000TECCAA4","005f4000000jPAEAA2","false","Seguro Individual","BRL","2019-07-03T20:07:54.000+0000","005f4000000jPAEAA2","2019-07-03T20:07:54.000+0000","005f4000000jPAEAA2","2019-07-03T20:07:54.000+0000","","","","a0g0t000000xbYSAAY","","","0.13","1","","34.78","4.41","22.4","1","0.02310389","0.00437","0.014824610025032731","","","-12.51","","","-35.835004299999994","",""
"a1h0t000000TECDAA4","005f4000000jPAEAA2","false","Seguro Individual","BRL","2019-07-03T20:08:02.000+0000","005f4000000jPAEAA2","2019-07-03T20:08:02.000+0000","005f4000000jPAEAA2","2019-07-03T20:08:02.000+0000","","","","a0g0t000000xbYTAAY","","","0.12","1","","30.81","3.61","13.3","1","0.023091132","0.00437","0.009929261413629755","","","-17.63","","","-56.9996767","",""
"a1h0t000000TEYHAA4","005f4000000jPAEAA2","false","Seguro Individual","BRL","2019-07-03T20:11:24.000+0000","005f4000000jPAEAA2","2019-07-03T20:11:24.000+0000","005f4000000jPAEAA2","2019-07-03T20:11:24.000+0000","","","","a0g0t000000xbuXAAQ","","","0.1","1","","25.39","3.04","12.32","1","0.018505602","0.003496","0.008944253285699987","","","-13.17","","","-51.6673206","",""
"a1h0t000000TEjyAAG","005f4000000jPAEAA2","false","Seguro Individual","BRL","2019-07-03T20:14:04.000+0000","005f4000000jPAEAA2","2019-07-03T20:14:04.000+0000","005f4000000jPAEAA2","2019-07-03T20:14:04.000+0000","","","","a0g0t000000xc6EAAQ","","","0.12","1","","30.91","3.63","13.5","1","0.023088879","0.00437","0.010045113316334118","","","-17.53","","","-56.4937158","",""
"a1h0t000000TF3KAAW","005f4000000jPAEAA2","false","Seguro Individual","BRL","2019-07-03T20:17:31.000+0000","005f4000000jPAEAA2","2019-07-03T20:17:31.000+0000","005f4000000jPAEAA2","2019-07-03T20:17:31.000+0000","","","","a0g0t000000xcPfAAI","","","0.06","1","","13.83","1.75","8.76","1","0.009237942","0.001748","0.005826088687114332","","","-5.13","","","-36.9330454","",""
"a1h0t000000TF6TAAW","005f4000000jPAEAA2","false","Seguro Individual","BRL","2019-07-03T20:18:00.000+0000","005f4000000jPAEAA2","2019-07-03T20:18:00.000+0000","005f4000000jPAEAA2","2019-07-03T20:18:00.000+0000","","","","a0g0t000000xcSoAAI","","","0.16","1","","42.74","6","40.6","1","0.023125368","0.00437","0.021885546396646128","","","-2.3","","","-5.361305400000004","",""
"a1h0t000000TF6dAAG","005f4000000jPAEAA2","false","Seguro Individual","BRL","2019-07-03T20:18:09.000+0000","005f4000000jPAEAA2","2019-07-03T20:18:09.000+0000","005f4000000jPAEAA2","2019-07-03T20:18:09.000+0000","","","","a0g0t000000xcSyAAI","","","0.05","1","","12.69","1.52","6.16","1","0.009237473","0.001748","0.00446647045676746","","","-6.58","","","-51.64835169999999","",""
"a1h0t000000THPwAAO","005f4000000jPAEAA2","false","Seguro Individual","BRL","2019-07-04T14:10:54.000+0000","005f4000000jPAEAA2","2019-07-04T14:10:54.000+0000","005f4000000jPAEAA2","2019-07-04T14:10:54.000+0000","","","","a0g0t000000xeg0AAA","","","0.22","1","","58.63","8.43","58.72","1","0.077222831","0.011104","0.07705224530298402","","","-0.13","","","-0.22090059999999578","",""
"a1h0t000000TIATAA4","005f4000000jPAEAA2","false","Seguro Individual","BRL","2019-07-04T14:23:13.000+0000","005f4000000jPAEAA2","2019-07-04T14:23:13.000+0000","005f4000000jPAEAA2","2019-07-04T14:23:13.000+0000","","","","a0g0t000000xfQ8AAI","","","0.11","1","","25.96","3.73","25.97","1","0.067549052","0.009716","0.067289945522514","","","-0.1","","","-0.38358269999999584","",""
"a1h0t000000TJ7rAAG","005f4000000jPAEAA2","false","Seguro Individual","BRL","2019-07-04T14:43:22.000+0000","005f4000000jPAEAA2","2019-07-04T14:43:22.000+0000","005f4000000jPAEAA2","2019-07-04T14:43:22.000+0000","","","","a0g0t000000xgNbAAI","","","0.11","1","","27.68","3.98","27.72","1","0.067548141","0.009716","0.06737799452802024","","","-0.07","","","-0.2518891999999995","",""
"a1h0t000000TJCkAAO","005f4000000jPAEAA2","false","Seguro Individual","BRL","2019-07-04T14:42:12.000+0000","005f4000000jPAEAA2","2019-07-04T14:42:12.000+0000","005f4000000jPAEAA2","2019-07-04T14:42:12.000+0000","","","","a0g0t000000xgSKAAY","","","0.2","1","","52.54","7.55","52.57","1","0.067574703","0.009716","0.06735688540533792","","","-0.17","","","-0.32233600000000084","",""
"a1h0t000000bwW3AAI","005f4000000jPAEAA2","false","Seguro Individual","BRL","2019-07-16T20:18:33.000+0000","005f4000000jPAEAA2","2019-07-16T20:18:33.000+0000","005f4000000jPAEAA2","2019-07-16T20:18:33.000+0000","","","","a0g0t000000xxUgAAI","","","1.24","1","","4.38","3.98","5","","0.0002185","0.007462","0.005363","","","","-13.56","","","-5.9",""
"a1h0t000000byYEAAY","005f4000000jPAEAA2","false","Seguro Individual","BRL","2019-07-18T20:12:19.000+0000","005f4000000jPAEAA2","2019-07-18T20:12:19.000+0000","005f4000000jPAEAA2","2019-07-18T20:12:19.000+0000","","","","a0g0t000000y0MrAAI","","","1.24","1","","4.38","3.98","5","","0.0002185","0.007462","0.005363","","","","-13.56","","","-5.9",""
"a1h0t000000bxnBAAQ","005f4000000jPAEAA2","false","Seguro Individual","BRL","2019-07-17T22:20:57.000+0000","005f4000000jPAEAA2","2019-07-17T22:20:57.000+0000","005f4000000jPAEAA2","2019-07-17T22:20:57.000+0000","","","","a0g0t000000xzX9AAI","","","1.24","1","","4.38","3.98","5","","0.0002185","0.007462","0.005363","","","","-13.56","","","-5.9",""
"a1h0t000000c0KxAAI","005f4000000jPAEAA2","false","Seguro Individual","BRL","2019-07-19T14:50:51.000+0000","005f4000000jPAEAA2","2019-07-19T14:50:51.000+0000","005f4000000jPAEAA2","2019-07-19T14:50:51.000+0000","","","","a0g0t000000y11VAAQ","","","0.3","1","","78.11","11.23","78.33","1","0.067574097","0.009716","0.06750515263546103","","","-0.08","","","-0.10202780000000411","",""
"a1h0t000000c0WPAAY","005f4000000jPAEAA2","false","Seguro Individual","BRL","2019-07-19T15:03:08.000+0000","005f4000000jPAEAA2","2019-07-19T15:03:08.000+0000","005f4000000jPAEAA2","2019-07-19T15:03:08.000+0000","","","","a0g0t000000y1CiAAI","","","1.24","1","","4.38","3.98","5","","0.0002185","0.007462","0.005363","","","","-13.56","","","-5.9",""
"a1h0t000000c1zvAAA","005f4000000jPAEAA2","false","Seguro Individual","BRL","2019-07-19T19:13:35.000+0000","005f4000000jPAEAA2","2019-07-19T19:13:35.000+0000","005f4000000jPAEAA2","2019-07-19T19:13:35.000+0000","","","","a0g0t000000y2bGAAQ","","","0.11","1","","27.34","3.93","27.36","1","0.077207539","0.011104","0.07695439949116363","","","-0.09","","","-0.3278688999999946","",""
"a1h0t000000c2LRAAY","005f4000000jPAEAA2","false","Seguro Individual","BRL","2019-07-19T19:18:00.000+0000","005f4000000jPAEAA2","2019-07-19T19:18:00.000+0000","005f4000000jPAEAA2","2019-07-19T19:18:00.000+0000","","","","a0g0t000000y2wrAAA","","","0.14","1","","36.73","5.28","36.75","1","0.067559019","0.009716","0.0673391360796001","","","-0.12","","","-0.32546789999999826","",""
"a1h0t000000c2LvAAI","005f4000000jPAEAA2","false","Seguro Individual","BRL","2019-07-19T19:18:08.000+0000","005f4000000jPAEAA2","2019-07-19T19:18:08.000+0000","005f4000000jPAEAA2","2019-07-19T19:18:08.000+0000","","","","a0g0t000000y2xLAAQ","","","0.14","1","","34.55","4.97","34.58","1","0.067565259","0.009716","0.06735101341493076","","","-0.11","","","-0.31709429999999816","",""
"a1h0t000000c3BiAAI","005f4000000jPAEAA2","false","Seguro Individual","BRL","2019-07-19T19:30:30.000+0000","005f4000000jPAEAA2","2019-07-19T19:30:30.000+0000","005f4000000jPAEAA2","2019-07-19T19:30:30.000+0000","","","","a0g0t000000y3n3AAA","","","0.27","1","","71.16","10.23","71.28","1","0.077214818","0.011104","0.07705267012522236","","","-0.15","","","-0.20999579999999574","",""
"a1h0t000000c3HfAAI","005f4000000jPAEAA2","false","Seguro Individual","BRL","2019-07-19T19:30:51.000+0000","005f4000000jPAEAA2","2019-07-19T19:30:51.000+0000","005f4000000jPAEAA2","2019-07-19T19:30:51.000+0000","","","","a0g0t000000y3slAAA","","","0.11","1","","26.85","3.86","26.88","1","0.067576707","0.009716","0.06737618258271648","","","-0.08","","","-0.29673599999999745","",""
"a1h0t000000c45zAAA","005f4000000jPAEAA2","false","Seguro Individual","BRL","2019-07-19T19:41:53.000+0000","005f4000000jPAEAA2","2019-07-19T19:41:53.000+0000","005f4000000jPAEAA2","2019-07-19T19:41:53.000+0000","","","","a0g0t000000y4hAAAQ","","","0.09","1","","21.68","3.12","21.7","1","0.067542601","0.009716","0.06732542215675356","","","-0.07","","","-0.32154349999999887","",""
"a1h0t000000c5GZAAY","005f4000000jPAEAA2","false","Seguro Individual","BRL","2019-07-19T19:58:15.000+0000","005f4000000jPAEAA2","2019-07-19T19:58:15.000+0000","005f4000000jPAEAA2","2019-07-19T19:58:15.000+0000","","","","a0g0t000000y5rpAAA","","","0.09","1","","21.68","3.12","21.7","1","0.067542601","0.009716","0.06732542215675356","","","-0.07","","","-0.32154349999999887","",""
"a1h0t000000c5SbAAI","005f4000000jPAEAA2","false","Seguro Individual","BRL","2019-07-19T20:03:22.000+0000","005f4000000jPAEAA2","2019-07-19T20:03:22.000+0000","005f4000000jPAEAA2","2019-07-19T20:03:22.000+0000","","","","a0g0t000000y63rAAA","","","0.09","1","","25.11","3.61","25.13","1","0.067569323","0.009716","0.06738163042109571","","","-0.07","","","-0.27777780000000085","",""
"a1h0t000000c6KmAAI","005f4000000jPAEAA2","false","Seguro Individual","BRL","2019-07-19T20:13:26.000+0000","005f4000000jPAEAA2","2019-07-19T20:13:26.000+0000","005f4000000jPAEAA2","2019-07-19T20:13:26.000+0000","","","","a0g0t000000y6w7AAA","","","0.02","1","","5.55","0.8","5.55","1","0.009662728","0.001388","0.009628032380765879","","","-0.02","","","-0.35906650000000484","",""
"a1h0t000000c6XSAAY","005f4000000jPAEAA2","false","Seguro Individual","BRL","2019-07-19T20:16:32.000+0000","005f4000000jPAEAA2","2019-07-19T20:16:32.000+0000","005f4000000jPAEAA2","2019-07-19T20:16:32.000+0000","","","","a0g0t000000y78nAAA","","","0","1","","3.78","0.54","3.66","1","0.019249903","0.002776","0.018638794963365103","","","-0.12","","","-3.1746032000000035","",""
"a1h0t000000c7YaAAI","005f4000000jPAEAA2","false","Seguro Individual","BRL","2019-07-19T20:30:31.000+0000","005f4000000jPAEAA2","2019-07-19T20:30:31.000+0000","005f4000000jPAEAA2","2019-07-19T20:30:31.000+0000","","","","a0g0t000000y89vAAA","","","0.03","1","","6.79","0.97","6.78","1","0.029007986","0.004164","0.028837851174287443","","","-0.04","","","-0.5865102999999983","",""
"a1h0t000000c7n6AAA","005f4000000jPAEAA2","false","Seguro Individual","BRL","2019-07-19T20:33:45.000+0000","005f4000000jPAEAA2","2019-07-19T20:33:45.000+0000","005f4000000jPAEAA2","2019-07-19T20:33:45.000+0000","","","","a0g0t000000y8ORAAY","","","0.13","1","","33.06","4.75","33.11","1","0.067565215","0.009716","0.06740235817054652","","","-0.08","","","-0.24103650000000254","",""
"a1h0t000000cAYiAAM","005f4000000jPAEAA2","false","Seguro Individual","BRL","2019-07-19T21:12:32.000+0000","005f4000000jPAEAA2","2019-07-19T21:12:32.000+0000","005f4000000jPAEAA2","2019-07-19T21:12:32.000+0000","","","","a0g0t000000yBASAA2","","","0.2","1","","51.54","7.41","51.6","1","0.077224312","0.011104","0.07701535559929085","","","-0.14","","","-0.2705837000000044","",""
"a1h0t000000cDhmAAE","005f4000000jPAEAA2","false","Seguro Individual","BRL","2019-07-22T14:36:58.000+0000","005f4000000jPAEAA2","2019-07-22T14:36:58.000+0000","005f4000000jPAEAA2","2019-07-22T14:36:58.000+0000","","","","a0g0t000000yCj2AAE","","","0.08","1","","21.35","3.07","21.35","1","0.06760106","0.009716","0.0673486994969299","","","-0.08","","","-0.3733085000000025","",""
"a1h0t000000cEuZAAU","005f4000000jPAEAA2","false","Seguro Individual","BRL","2019-07-22T14:43:57.000+0000","005f4000000jPAEAA2","2019-07-22T14:43:57.000+0000","005f4000000jPAEAA2","2019-07-22T14:43:57.000+0000","","","","a0g0t000000yDvkAAE","","","0.09","1","","24.28","3.49","24.29","1","0.067568467","0.009716","0.06734665830416742","","","-0.08","","","-0.3282725000000042","",""
"a1h0t000000cEuaAAE","005f4000000jPAEAA2","false","Seguro Individual","BRL","2019-07-22T14:44:12.000+0000","005f4000000jPAEAA2","2019-07-22T14:44:12.000+0000","005f4000000jPAEAA2","2019-07-22T14:44:12.000+0000","","","","a0g0t000000yDvlAAE","","","0.09","1","","24.28","3.49","24.29","1","0.067568467","0.009716","0.06734665830416742","","","-0.08","","","-0.3282725000000042","",""
"a1h0t000000cFREAA2","005f4000000jPAEAA2","false","Seguro Individual","BRL","2019-07-22T14:47:56.000+0000","005f4000000jPAEAA2","2019-07-22T14:47:56.000+0000","005f4000000jPAEAA2","2019-07-22T14:47:56.000+0000","","","","a0g0t000000yESPAA2","","","0","1","","3.89","0.56","3.92","1","0.019235667","0.002776","0.019384014041228696","","","0.03","","","0.7712082000000064","",""
"a1h0t000000cGPdAAM","005f4000000jPAEAA2","false","Seguro Individual","BRL","2019-07-22T14:55:40.000+0000","005f4000000jPAEAA2","2019-07-22T14:55:40.000+0000","005f4000000jPAEAA2","2019-07-22T14:55:40.000+0000","","","","a0g0t000000yFQoAAM","","","0.16","1","","42.14","6.06","42.21","1","0.067563957","0.009716","0.06742020387124938","","","-0.09","","","-0.21276599999999757","",""
"a1h0t000000cH26AAE","005f4000000jPAEAA2","false","Seguro Individual","BRL","2019-07-22T15:00:23.000+0000","005f4000000jPAEAA2","2019-07-22T15:00:23.000+0000","005f4000000jPAEAA2","2019-07-22T15:00:23.000+0000","","","","a0g0t000000yG3HAAU","","","0.13","1","","32.8","4.72","32.83","1","0.067578632","0.009716","0.06737341292716717","","","-0.1","","","-0.3036744999999952","",""
"a1h0t000000pIiwAAE","005f4000000jPAEAA2","false","Seguro Individual","BRL","2020-04-15T18:54:42.000+0000","005f4000000jPAEAA2","2020-04-15T18:54:42.000+0000","005f4000000jPAEAA2","2020-04-15T18:54:42.000+0000","","","","a0g0t000001HPbKAAW","","","0.17","1","","45.8","6.59","45.92","","0.067533277","0.0097118","0.06745982335073852","","","-0.05","","","-0.10876659999999871","",""
"a1h0t000000cGMRAA2","005f4000000jPAEAA2","false","Seguro Individual","BRL","2019-07-22T14:55:42.000+0000","005f4000000jPAEAA2","2019-07-22T14:55:42.000+0000","005f4000000jPAEAA2","2019-07-22T14:55:42.000+0000","","","","a0g0t000000yFNcAAM","","","0.13","1","","33.83","4.86","33.88","1","0.067583332","0.009716","0.06742412506622428","","","-0.08","","","-0.2355713000000037","",""
"a1h0t000000cH2QAAU","005f4000000jPAEAA2","false","Seguro Individual","BRL","2019-07-22T15:00:23.000+0000","005f4000000jPAEAA2","2019-07-22T15:00:23.000+0000","005f4000000jPAEAA2","2019-07-22T15:00:23.000+0000","","","","a0g0t000000yG3bAAE","","","0.19","1","","51.05","7.34","51.12","1","0.077215628","0.011104","0.07703479509925862","","","-0.12","","","-0.2341920999999969","",""
"a1h0t000000pIhsAAE","005f4000000jPAEAA2","false","Seguro Individual","BRL","2020-04-15T18:57:03.000+0000","005f4000000jPAEAA2","2020-04-15T18:57:03.000+0000","005f4000000jPAEAA2","2020-04-15T18:57:03.000+0000","","","","a0g0t000001HPaGAAW","","","0.04","1","","10.68","1.54","10.7","","0.048238782","0.006937","0.0481487842551085","","","-0.02","","","-0.1865671999999985","",""
"a1h0t000000pIivAAE","005f4000000jPAEAA2","false","Seguro Individual","BRL","2020-04-15T18:53:39.000+0000","005f4000000jPAEAA2","2020-04-15T18:53:39.000+0000","005f4000000jPAEAA2","2020-04-15T18:53:39.000+0000","","","","a0g0t000001HPbJAAW","","","0.04","1","","7.8","1.12","7.84","","0.038597237","0.0055496","0.038597237","","","0","","","0","",""
"a1h0t000000pIj6AAE","005f4000000jPAEAA2","false","Seguro Individual","BRL","2020-04-15T18:57:04.000+0000","005f4000000jPAEAA2","2020-04-15T18:57:04.000+0000","005f4000000jPAEAA2","2020-04-15T18:57:04.000+0000","","","","a0g0t000001HPbUAAW","","","0","1","","2.78","0.4","2.78","","0.01918","0.0027748","0.01918","","","0","","","0","",""
"a1h0t000000cIMJAA2","005f4000000jPAEAA2","false","Seguro Individual","BRL","2019-07-22T15:10:30.000+0000","005f4000000jPAEAA2","2019-07-22T15:10:30.000+0000","005f4000000jPAEAA2","2019-07-22T15:10:30.000+0000","","","","a0g0t000000yHNUAA2","","","0.11","1","","27.68","3.98","27.72","1","0.067548141","0.009716","0.06737799452802024","","","-0.07","","","-0.2518891999999995","",""
"a1h0t000000cLyQAAU","005f4000000jPAEAA2","false","Seguro Individual","BRL","2019-07-22T22:04:40.000+0000","005f4000000jPAEAA2","2019-07-22T22:04:40.000+0000","005f4000000jPAEAA2","2019-07-22T22:04:40.000+0000","","","","a0g0t000000yKxCAAU","","","0.13","1","","32.8","4.72","32.83","1","0.067578632","0.009716","0.06737341292716717","","","-0.1","","","-0.3036744999999952","",""
"a1h0t000000cg4eAAA","005f4000000jPAEAA2","false","Seguro Individual","BRL","2019-07-24T16:55:12.000+0000","005f4000000jPAEAA2","2019-07-24T16:55:12.000+0000","005f4000000jPAEAA2","2019-07-24T16:55:12.000+0000","","","","a0g0t000000ydyCAAQ","","","0.08","1","","19.9","2.45","16.65","1","0.013907695","0.002622","0.011589745828697436","","","-3.33","","","-16.6666667","",""
"a1h0t000000cgBLAAY","005f4000000jPAEAA2","false","Seguro Individual","BRL","2019-07-24T17:01:05.000+0000","005f4000000jPAEAA2","2019-07-24T17:01:05.000+0000","005f4000000jPAEAA2","2019-07-24T17:01:05.000+0000","","","","a0g0t000000ye53AAA","","","0.45","1","","120.74","20.07","121.28","1","0.03699997","0.006992","0.03702744747272095","","","0.09","","","0.0742634999999936","",""
"a1h0t000000pIfkAAE","005f4000000jPAEAA2","false","Seguro Individual","BRL","2020-04-15T18:56:36.000+0000","005f4000000jPAEAA2","2020-04-15T18:56:36.000+0000","005f4000000jPAEAA2","2020-04-15T18:56:36.000+0000","","","","a0g0t000001HPY8AAO","","","0.11","1","","28.81","4.14","28.9","","0.048244954","0.006937","0.0482115895748769","","","-0.02","","","-0.06915629999999506","",""
"a1h0t000000pJ5dAAE","005f4000000jPAEAA2","false","Seguro Individual","BRL","2020-04-15T18:56:35.000+0000","005f4000000jPAEAA2","2020-04-15T18:56:35.000+0000","005f4000000jPAEAA2","2020-04-15T18:56:35.000+0000","","","","a0g0t000001HPyrAAG","","","0","1","","3.53","0.51","3.54","","0.019351679","0.0027748","0.019406499616723617","","","0.01","","","0.2832860999999909","",""
"a1h0t000000pIjOAAU","005f4000000jPAEAA2","false","Seguro Individual","BRL","2020-04-15T18:54:51.000+0000","005f4000000jPAEAA2","2020-04-15T18:54:51.000+0000","005f4000000jPAEAA2","2020-04-15T18:54:51.000+0000","","","","a0g0t000001HPbmAAG","","","0","1","","3.34","0.48","3.34","","0.019304641","0.0027748","0.019304641","","","0","","","0","",""
"a1h0t000000pIo5AAE","005f4000000jPAEAA2","false","Seguro Individual","BRL","2020-04-15T18:56:45.000+0000","005f4000000jPAEAA2","2020-04-15T18:56:45.000+0000","005f4000000jPAEAA2","2020-04-15T18:56:45.000+0000","","","","a0g0t000001HPgtAAG","","","0.14","1","","38.07","5.47","38.24","","0.077191528","0.0110992","0.07725213369314475","","","0.03","","","0.07851340000000206","",""
"a1h0t000000pJA5AAM","005f4000000jPAEAA2","false","Seguro Individual","BRL","2020-04-15T18:56:53.000+0000","005f4000000jPAEAA2","2020-04-15T18:56:53.000+0000","005f4000000jPAEAA2","2020-04-15T18:56:53.000+0000","","","","a0g0t000001HQ3JAAW","","","0.04","1","","10.04","1.44","10.08","","0.038633295","0.0055496","0.038633295","","","0","","","0","",""
"a1h0t000000pIlJAAU","005f4000000jPAEAA2","false","Seguro Individual","BRL","2020-04-15T18:53:10.000+0000","005f4000000jPAEAA2","2020-04-15T18:53:10.000+0000","005f4000000jPAEAA2","2020-04-15T18:53:10.000+0000","","","","a0g0t000001HPe2AAG","","","0.07","1","","16.72","2.4","16.8","","0.048254487","0.006937","0.048283226986421304","","","0.01","","","0.059559200000003365","",""
"a1h0t000000pIlKAAU","005f4000000jPAEAA2","false","Seguro Individual","BRL","2020-04-15T18:53:48.000+0000","005f4000000jPAEAA2","2020-04-15T18:53:48.000+0000","005f4000000jPAEAA2","2020-04-15T18:53:48.000+0000","","","","a0g0t000001HPe3AAG","","","0.07","1","","16.72","2.4","16.8","","0.048254487","0.006937","0.048283226986421304","","","0.01","","","0.059559200000003365","",""
"a1h0t000000pIlLAAU","005f4000000jPAEAA2","false","Seguro Individual","BRL","2020-04-15T18:54:51.000+0000","005f4000000jPAEAA2","2020-04-15T18:54:51.000+0000","005f4000000jPAEAA2","2020-04-15T18:54:51.000+0000","","","","a0g0t000001HPe4AAG","","","0.08","1","","20.43","2.94","20.5","","0.048225037","0.006937","0.04820152406338502","","","-0.01","","","-0.048756699999996655","",""
"a1h0t000000pInvAAE","005f4000000jPAEAA2","false","Seguro Individual","BRL","2020-04-15T18:54:32.000+0000","005f4000000jPAEAA2","2020-04-15T18:54:32.000+0000","005f4000000jPAEAA2","2020-04-15T18:54:32.000+0000","","","","a0g0t000001HPgjAAG","","","0.03","1","","7.26","1.05","7.32","","0.038509532","0.0055496","0.03866800742733423","","","0.03","","","0.41152259999999163","",""
"a1h0t000000pJ3kAAE","005f4000000jPAEAA2","false","Seguro Individual","BRL","2020-04-15T19:00:03.000+0000","005f4000000jPAEAA2","2020-04-15T19:00:03.000+0000","005f4000000jPAEAA2","2020-04-15T19:00:03.000+0000","","","","a0g0t000001HPwyAAG","","","0.05","1","","10.43","1.5","10.48","","0.038592483","0.0055496","0.038592483","","","0","","","0","",""
"a1h0t000000pJ9uAAE","005f4000000jPAEAA2","false","Seguro Individual","BRL","2020-04-15T18:56:45.000+0000","005f4000000jPAEAA2","2020-04-15T18:56:45.000+0000","005f4000000jPAEAA2","2020-04-15T18:56:45.000+0000","","","","a0g0t000001HQ38AAG","","","0.04","1","","10.21","1.47","10.25","","0.048239162","0.006937","0.048239162","","","0","","","0","",""
"a1h0t000000pJ7yAAE","005f4000000jPAEAA2","false","Seguro Individual","BRL","2020-04-15T18:56:53.000+0000","005f4000000jPAEAA2","2020-04-15T18:56:53.000+0000","005f4000000jPAEAA2","2020-04-15T18:56:53.000+0000","","","","a0g0t000001HQ1CAAW","","","0.01","1","","5","0.72","5.02","","0.019303379","0.0027748","0.019341908698911035","","","0.01","","","0.19960080000001046","",""
"a1h0t000000pJ8JAAU","005f4000000jPAEAA2","false","Seguro Individual","BRL","2020-04-15T18:56:45.000+0000","005f4000000jPAEAA2","2020-04-15T18:56:45.000+0000","005f4000000jPAEAA2","2020-04-15T18:56:45.000+0000","","","","a0g0t000001HQ1XAAW","","","0.02","1","","5.57","0.8","5.58","","0.028971002","0.0041622","0.028919175513783184","","","-0.01","","","-0.17889089999999497","",""
"a1h0t000000pJ8iAAE","005f4000000jPAEAA2","false","Seguro Individual","BRL","2020-04-15T18:56:45.000+0000","005f4000000jPAEAA2","2020-04-15T18:56:45.000+0000","005f4000000jPAEAA2","2020-04-15T18:56:45.000+0000","","","","a0g0t000001HQ1wAAG","","","0.05","1","","13.38","1.92","13.44","","0.028942077","0.0041622","0.02896362729947628","","","0.01","","","0.07446010000000669","",""
"a1h0t000000pJ8uAAE","005f4000000jPAEAA2","false","Seguro Individual","BRL","2020-04-15T18:56:54.000+0000","005f4000000jPAEAA2","2020-04-15T18:56:54.000+0000","005f4000000jPAEAA2","2020-04-15T18:56:54.000+0000","","","","a0g0t000001HQ28AAG","","","0.07","1","","18.13","2.61","18.2","","0.048222422","0.006937","0.048222422","","","0","","","0","",""
"a1h0t000000pJA3AAM","005f4000000jPAEAA2","false","Seguro Individual","BRL","2020-04-15T18:55:47.000+0000","005f4000000jPAEAA2","2020-04-15T18:55:47.000+0000","005f4000000jPAEAA2","2020-04-15T18:55:47.000+0000","","","","a0g0t000001HQ3HAAW","","","0.08","1","","18.68","2.69","18.76","","0.067566691","0.0097118","0.067566691","","","0","","","0","",""
"a1h0t000000pJA4AAM","005f4000000jPAEAA2","false","Seguro Individual","BRL","2020-04-15T18:56:43.000+0000","005f4000000jPAEAA2","2020-04-15T18:56:43.000+0000","005f4000000jPAEAA2","2020-04-15T18:56:43.000+0000","","","","a0g0t000001HQ3IAAW","","","0.08","1","","21.45","3.08","21.56","","0.038601911","0.0055496","0.03865569905719505","","","0.03","","","0.1393404000000098","",""
"a1h0t000000pJCeAAM","005f4000000jPAEAA2","false","Seguro Individual","BRL","2020-04-15T19:00:03.000+0000","005f4000000jPAEAA2","2020-04-15T19:00:03.000+0000","005f4000000jPAEAA2","2020-04-15T19:00:03.000+0000","","","","a0g0t000001HQ5sAAG","","","0.07","1","","20.92","3.01","21","","0.028952436","0.0041622","0.02896622943270181","","","0.01","","","0.047641700000000675","",""
"a1h0t000000pJG6AAM","005f4000000jPAEAA2","false","Seguro Individual","BRL","2020-04-15T18:56:53.000+0000","005f4000000jPAEAA2","2020-04-15T18:56:53.000+0000","005f4000000jPAEAA2","2020-04-15T18:56:53.000+0000","","","","a0g0t000001HQ9KAAW","","","0.13","1","","32.82","4.72","32.97","","0.067522944","0.0097118","0.06756392907654911","","","0.02","","","0.06069799999999237","",""
"a1h0t000000pJBDAA2","005f4000000jPAEAA2","false","Seguro Individual","BRL","2020-04-15T18:57:03.000+0000","005f4000000jPAEAA2","2020-04-15T18:57:03.000+0000","005f4000000jPAEAA2","2020-04-15T18:57:03.000+0000","","","","a0g0t000001HQ4RAAW","","","0.09","1","","21.7","3.12","21.77","","0.067525413","0.0097118","0.0674634345971017","","","-0.02","","","-0.0917853000000024","",""
"a1h0t000000pJBvAAM","005f4000000jPAEAA2","false","Seguro Individual","BRL","2020-04-15T18:56:44.000+0000","005f4000000jPAEAA2","2020-04-15T18:56:44.000+0000","005f4000000jPAEAA2","2020-04-15T18:56:44.000+0000","","","","a0g0t000001HQ59AAG","","","0","1","","3.08","0.44","3.08","","0.019317992","0.0027748","0.019317992","","","0","","","0","",""
"a1h0t000000pJBwAAM","005f4000000jPAEAA2","false","Seguro Individual","BRL","2020-04-15T18:56:53.000+0000","005f4000000jPAEAA2","2020-04-15T18:56:53.000+0000","005f4000000jPAEAA2","2020-04-15T18:56:53.000+0000","","","","a0g0t000001HQ5AAAW","","","0.11","1","","25.97","3.74","26.04","","0.067524438","0.0097118","0.06742087286588856","","","-0.04","","","-0.15337429999999763","",""
"a1h0t000000pJCFAA2","005f4000000jPAEAA2","false","Seguro Individual","BRL","2020-04-15T19:00:04.000+0000","005f4000000jPAEAA2","2020-04-15T19:00:04.000+0000","005f4000000jPAEAA2","2020-04-15T19:00:04.000+0000","","","","a0g0t000001HQ5TAAW","","","0.02","1","","5.76","0.83","5.78","","0.01928","0.0027748","0.01928","","","0","","","0","",""
"a1h0t000000pJD4AAM","005f4000000jPAEAA2","false","Seguro Individual","BRL","2020-04-15T18:56:44.000+0000","005f4000000jPAEAA2","2020-04-15T18:56:44.000+0000","005f4000000jPAEAA2","2020-04-15T18:56:44.000+0000","","","","a0g0t000001HQ6NAAW","","","0.16","1","","42.65","6.13","42.8","","0.077175454","0.0110992","0.07715742650852468","","","-0.01","","","-0.023359099999997746","",""
"a1h0t000000pJDOAA2","005f4000000jPAEAA2","false","Seguro Individual","BRL","2020-04-15T18:56:44.000+0000","005f4000000jPAEAA2","2020-04-15T18:56:44.000+0000","005f4000000jPAEAA2","2020-04-15T18:56:44.000+0000","","","","a0g0t000001HQ6cAAG","","","0.08","1","","22.28","3.2","22.35","","0.048233044","0.006937","0.04821147283219797","","","-0.01","","","-0.04472279999999662","",""
"a1h0t000000pJDPAA2","005f4000000jPAEAA2","false","Seguro Individual","BRL","2020-04-15T18:56:52.000+0000","005f4000000jPAEAA2","2020-04-15T18:56:52.000+0000","005f4000000jPAEAA2","2020-04-15T18:56:52.000+0000","","","","a0g0t000001HQ6dAAG","","","0.04","1","","11.15","1.6","11.2","","0.048238461","0.006937","0.04828156954186496","","","0.01","","","0.08936550000000487","",""
"a1h0t000000pJDmAAM","005f4000000jPAEAA2","false","Seguro Individual","BRL","2020-04-15T18:56:44.000+0000","005f4000000jPAEAA2","2020-04-15T18:56:44.000+0000","005f4000000jPAEAA2","2020-04-15T18:56:44.000+0000","","","","a0g0t000001HQ70AAG","","","0.01","1","","4.85","0.7","4.86","","0.02898875","0.0041622","0.02898875","","","0","","","0","",""
"a1h0t000000pJEBAA2","005f4000000jPAEAA2","false","Seguro Individual","BRL","2020-04-15T18:56:44.000+0000","005f4000000jPAEAA2","2020-04-15T18:56:44.000+0000","005f4000000jPAEAA2","2020-04-15T18:56:44.000+0000","","","","a0g0t000001HQ7PAAW","","","0.05","1","","13.01","1.87","13.08","","0.038599366","0.0055496","0.03865847679889684","","","0.02","","","0.15313930000000475","",""
"a1h0t000000pJECAA2","005f4000000jPAEAA2","false","Seguro Individual","BRL","2020-04-15T18:56:53.000+0000","005f4000000jPAEAA2","2020-04-15T18:56:53.000+0000","005f4000000jPAEAA2","2020-04-15T18:56:53.000+0000","","","","a0g0t000001HQ7QAAW","","","0.02","1","","5.54","0.8","5.55","","0.028947927","0.0041622","0.02889586235851903","","","-0.01","","","-0.1798561999999948","",""
"a1h0t000000pJEtAAM","005f4000000jPAEAA2","false","Seguro Individual","BRL","2020-04-15T18:56:34.000+0000","005f4000000jPAEAA2","2020-04-15T18:56:34.000+0000","005f4000000jPAEAA2","2020-04-15T18:56:34.000+0000","","","","a0g0t000001HQ87AAG","","","0.08","1","","21.38","3.07","21.45","","0.028946403","0.0041622","0.02893291443934445","","","-0.01","","","-0.046598399999997486","",""
"a1h0t000000pJEjAAM","005f4000000jPAEAA2","false","Seguro Individual","BRL","2020-04-15T18:56:34.000+0000","005f4000000jPAEAA2","2020-04-15T18:56:34.000+0000","005f4000000jPAEAA2","2020-04-15T18:56:34.000+0000","","","","a0g0t000001HQ7xAAG","","","0.02","1","","7.06","1.02","7.08","","0.019286375","0.0027748","0.019286375","","","0","","","0","",""
"a1h0t000000pJEqAAM","005f4000000jPAEAA2","false","Seguro Individual","BRL","2020-04-15T18:57:03.000+0000","005f4000000jPAEAA2","2020-04-15T18:57:03.000+0000","005f4000000jPAEAA2","2020-04-15T18:57:03.000+0000","","","","a0g0t000001HQ84AAG","","","0.03","1","","7.43","1.07","7.48","","0.038623626","0.0055496","0.03872717458947909","","","0.02","","","0.2680964999999924","",""
"a1h0t000000pJEyAAM","005f4000000jPAEAA2","false","Seguro Individual","BRL","2020-04-15T18:56:43.000+0000","005f4000000jPAEAA2","2020-04-15T18:56:43.000+0000","005f4000000jPAEAA2","2020-04-15T18:56:43.000+0000","","","","a0g0t000001HQ8CAAW","","","0.06","1","","15.62","2.25","15.66","","0.028955943","0.0041622","0.028919009376188128","","","-0.02","","","-0.1275511000000007","",""
"a1h0t000000pJFIAA2","005f4000000jPAEAA2","false","Seguro Individual","BRL","2020-04-15T18:56:44.000+0000","005f4000000jPAEAA2","2020-04-15T18:56:44.000+0000","005f4000000jPAEAA2","2020-04-15T18:56:44.000+0000","","","","a0g0t000001HQ8WAAW","","","0.04","1","","8.55","1.23","8.6","","0.038641067","0.0055496","0.038686050766301654","","","0.01","","","0.11641440000000891","",""
"a1h0t000000pJFmAAM","005f4000000jPAEAA2","false","Seguro Individual","BRL","2020-04-15T18:56:45.000+0000","005f4000000jPAEAA2","2020-04-15T18:56:45.000+0000","005f4000000jPAEAA2","2020-04-15T18:56:45.000+0000","","","","a0g0t000001HQ90AAG","","","0.06","1","","13.99","2.01","14.07","","0.067599461","0.0097118","0.06769568795394051","","","0.02","","","0.14234870000000566","",""
"a1h0t000000pJFrAAM","005f4000000jPAEAA2","false","Seguro Individual","BRL","2020-04-15T18:56:52.000+0000","005f4000000jPAEAA2","2020-04-15T18:56:52.000+0000","005f4000000jPAEAA2","2020-04-15T18:56:52.000+0000","","","","a0g0t000001HQ95AAG","","","0.02","1","","5.57","0.8","5.58","","0.028939911","0.0041622","0.028888140132752902","","","-0.01","","","-0.17889089999999497","",""
"a1h0t000000pJG1AAM","005f4000000jPAEAA2","false","Seguro Individual","BRL","2020-04-15T18:56:52.000+0000","005f4000000jPAEAA2","2020-04-15T18:56:52.000+0000","005f4000000jPAEAA2","2020-04-15T18:56:52.000+0000","","","","a0g0t000001HQ9FAAW","","","0.02","1","","6.41","0.92","6.42","","0.02895995","0.0041622","0.0289149111961605","","","-0.01","","","-0.1555210000000029","",""
"a1h0t000000pJFwAAM","005f4000000jPAEAA2","false","Seguro Individual","BRL","2020-04-15T18:56:52.000+0000","005f4000000jPAEAA2","2020-04-15T18:56:52.000+0000","005f4000000jPAEAA2","2020-04-15T18:56:52.000+0000","","","","a0g0t000001HQ9AAAW","","","0.06","1","","17.41","2.5","17.5","","0.067511912","0.0097118","0.06762784541313185","","","0.03","","","0.17172290000000423","",""
"a1h0t000000pInQAAU","005f4000000jPAEAA2","false","Seguro Individual","BRL","2020-04-15T18:56:53.000+0000","005f4000000jPAEAA2","2020-04-15T18:56:53.000+0000","005f4000000jPAEAA2","2020-04-15T18:56:53.000+0000","","","","a0g0t000001HPg9AAG","","","0.05","1","","13.47","1.94","13.5","","0.048251724","0.006937","0.04818034570720404","","","-0.02","","","-0.1479290000000022","",""
"a1h0t000000pInRAAU","005f4000000jPAEAA2","false","Seguro Individual","BRL","2020-04-15T18:57:05.000+0000","005f4000000jPAEAA2","2020-04-15T18:57:05.000+0000","005f4000000jPAEAA2","2020-04-15T18:57:05.000+0000","","","","a0g0t000001HPgAAAW","","","0.02","1","","6.13","0.88","6.16","","0.019296294","0.0027748","0.0193276700827847","","","0.01","","","0.1626015999999897","",""
"a1h0t000000pJGbAAM","005f4000000jPAEAA2","false","Seguro Individual","BRL","2020-04-15T18:57:04.000+0000","005f4000000jPAEAA2","2020-04-15T18:57:04.000+0000","005f4000000jPAEAA2","2020-04-15T18:57:04.000+0000","","","","a0g0t000001HQ9pAAG","","","0.01","1","","4.27","0.61","4.28","","0.019278832","0.0027748","0.019278832","","","0","","","0","",""
"a1h0t000000pJH4AAM","005f4000000jPAEAA2","false","Seguro Individual","BRL","2020-04-15T18:57:03.000+0000","005f4000000jPAEAA2","2020-04-15T18:57:03.000+0000","005f4000000jPAEAA2","2020-04-15T18:57:03.000+0000","","","","a0g0t000001HQAIAA4","","","0.09","1","","24.27","3.49","24.36","","0.067518033","0.0097118","0.067518033","","","0","","","0","",""
"a1h0t000000pJHEAA2","005f4000000jPAEAA2","false","Seguro Individual","BRL","2020-04-15T18:57:03.000+0000","005f4000000jPAEAA2","2020-04-15T18:57:03.000+0000","005f4000000jPAEAA2","2020-04-15T18:57:03.000+0000","","","","a0g0t000001HQASAA4","","","0.09","1","","24.29","3.49","24.36","","0.067561863","0.0097118","0.06750643896349727","","","-0.02","","","-0.08203449999999446","",""
"a1h0t000000pJHYAA2","005f4000000jPAEAA2","false","Seguro Individual","BRL","2020-04-15T18:57:03.000+0000","005f4000000jPAEAA2","2020-04-15T18:57:03.000+0000","005f4000000jPAEAA2","2020-04-15T18:57:03.000+0000","","","","a0g0t000001HQAmAAO","","","0.02","1","","6.13","0.88","6.16","","0.019287825","0.0027748","0.0193191873120552","","","0.01","","","0.1626015999999897","",""
"a1h0t000000pJJZAA2","005f4000000jPAEAA2","false","Seguro Individual","BRL","2020-04-15T19:00:13.000+0000","005f4000000jPAEAA2","2020-04-15T19:00:13.000+0000","005f4000000jPAEAA2","2020-04-15T19:00:13.000+0000","","","","a0g0t000001HQCxAAO","","","0.01","1","","4.64","0.67","4.66","","0.019291309","0.0027748","0.019332795673782932","","","0.01","","","0.2150536999999897","",""
"a1h0t000000pJI7AAM","005f4000000jPAEAA2","false","Seguro Individual","BRL","2020-04-15T19:00:04.000+0000","005f4000000jPAEAA2","2020-04-15T19:00:04.000+0000","005f4000000jPAEAA2","2020-04-15T19:00:04.000+0000","","","","a0g0t000001HQBVAA4","","","0","1","","3.53","0.51","3.54","","0.019351679","0.0027748","0.019406499616723617","","","0.01","","","0.2832860999999909","",""