"Id","IsDeleted","Name","CurrencyIsoCode","CreatedDate","CreatedById","LastModifiedDate","LastModifiedById","SystemModstamp","LastActivityDate","ConnectionReceivedId","ConnectionSentId","Oportunidade__c","ImprimirCodigoOperacao__c","Percentual__c","TipoRemuneracao__c","Porcentagem_de_Retencao__c"
"a1K0t000000dHNtEAM","false","00003942","BRL","2019-07-03T19:49:32.000+0000","005f4000000jPAEAA2","2019-07-03T19:49:32.000+0000","005f4000000jPAEAA2","2019-07-03T19:49:32.000+0000","","","","0060t00000FhFCnAAN","false","1.8","a1Vf4000002O5pHEAS",""
"a1K0t000000dHNuEAM","false","00003943","BRL","2019-07-03T19:49:32.000+0000","005f4000000jPAEAA2","2019-07-03T19:49:32.000+0000","005f4000000jPAEAA2","2019-07-03T19:49:32.000+0000","","","","0060t00000FhFCnAAN","false","70","a1Vf4000002O5pQEAS",""
"a1K0t000000dHiVEAU","false","00004556","BRL","2019-07-03T19:52:25.000+0000","005f4000000jPAEAA2","2019-07-03T19:52:25.000+0000","005f4000000jPAEAA2","2019-07-03T19:52:25.000+0000","","","","0060t00000FhFWwAAN","false","1.8","a1Vf4000002O5pHEAS",""
"a1K0t000000dHiWEAU","false","00004557","BRL","2019-07-03T19:52:25.000+0000","005f4000000jPAEAA2","2019-07-03T19:52:25.000+0000","005f4000000jPAEAA2","2019-07-03T19:52:25.000+0000","","","","0060t00000FhFWwAAN","false","70","a1Vf4000002O5pQEAS",""
"a1K0t000000dHleEAE","false","00004668","BRL","2019-07-03T19:52:51.000+0000","005f4000000jPAEAA2","2019-07-03T19:52:51.000+0000","005f4000000jPAEAA2","2019-07-03T19:52:51.000+0000","","","","0060t00000FhFZCAA3","false","1.8","a1Vf4000002O5pHEAS",""
"a1K0t000000dHlfEAE","false","00004669","BRL","2019-07-03T19:52:51.000+0000","005f4000000jPAEAA2","2019-07-03T19:52:51.000+0000","005f4000000jPAEAA2","2019-07-03T19:52:51.000+0000","","","","0060t00000FhFZCAA3","false","70","a1Vf4000002O5pQEAS",""
"a1K0t000000dIPZEA2","false","00006110","BRL","2019-07-03T19:58:53.000+0000","005f4000000jPAEAA2","2019-07-03T19:58:53.000+0000","005f4000000jPAEAA2","2019-07-03T19:58:53.000+0000","","","","0060t00000FhG8MAAV","false","1.8","a1Vf4000002O5pHEAS",""
"a1K0t000000dIPaEAM","false","00006111","BRL","2019-07-03T19:58:53.000+0000","005f4000000jPAEAA2","2019-07-03T19:58:53.000+0000","005f4000000jPAEAA2","2019-07-03T19:58:53.000+0000","","","","0060t00000FhG8MAAV","false","70","a1Vf4000002O5pQEAS",""
"a1K0t000000dJIfEAM","false","00008081","BRL","2019-07-03T20:06:32.000+0000","005f4000000jPAEAA2","2019-07-03T20:06:32.000+0000","005f4000000jPAEAA2","2019-07-03T20:06:32.000+0000","","","","0060t00000FhGvYAAV","false","70","a1Vf4000002O5pQEAS",""
"a1K0t000000dJIeEAM","false","00008080","BRL","2019-07-03T20:06:32.000+0000","005f4000000jPAEAA2","2019-07-03T20:06:32.000+0000","005f4000000jPAEAA2","2019-07-03T20:06:32.000+0000","","","","0060t00000FhGvYAAV","false","1.8","a1Vf4000002O5pHEAS",""
"a1K0t000000dIqBEAU","false","00007040","BRL","2019-07-03T20:02:15.000+0000","005f4000000jPAEAA2","2019-07-03T20:02:15.000+0000","005f4000000jPAEAA2","2019-07-03T20:02:15.000+0000","","","","0060t00000FhGWsAAN","false","1.8","a1Vf4000002O5pHEAS",""
"a1K0t000000dIqCEAU","false","00007041","BRL","2019-07-03T20:02:15.000+0000","005f4000000jPAEAA2","2019-07-03T20:02:15.000+0000","005f4000000jPAEAA2","2019-07-03T20:02:15.000+0000","","","","0060t00000FhGWsAAN","false","70","a1Vf4000002O5pQEAS",""
"a1K0t000000dJEwEAM","false","00007926","BRL","2019-07-03T20:05:49.000+0000","005f4000000jPAEAA2","2019-07-03T20:05:49.000+0000","005f4000000jPAEAA2","2019-07-03T20:05:49.000+0000","","","","0060t00000FhGsZAAV","false","1.8","a1Vf4000002O5pHEAS",""
"a1K0t000000dJExEAM","false","00007927","BRL","2019-07-03T20:05:49.000+0000","005f4000000jPAEAA2","2019-07-03T20:05:49.000+0000","005f4000000jPAEAA2","2019-07-03T20:05:49.000+0000","","","","0060t00000FhGsZAAV","false","70","a1Vf4000002O5pQEAS",""
"a1K0t000000dJP3EAM","false","00008717","BRL","2019-07-03T20:08:53.000+0000","005f4000000jPAEAA2","2019-07-03T20:08:53.000+0000","005f4000000jPAEAA2","2019-07-03T20:08:53.000+0000","","","","0060t00000FhGxhAAF","false","70","a1Vf4000002O5pQEAS",""
"a1K0t000000dJP2EAM","false","00008716","BRL","2019-07-03T20:08:53.000+0000","005f4000000jPAEAA2","2019-07-03T20:08:53.000+0000","005f4000000jPAEAA2","2019-07-03T20:08:53.000+0000","","","","0060t00000FhGxhAAF","false","1.8","a1Vf4000002O5pHEAS",""
"a1K0t000000dJLOEA2","false","00008182","BRL","2019-07-03T20:06:50.000+0000","005f4000000jPAEAA2","2019-07-03T20:06:50.000+0000","005f4000000jPAEAA2","2019-07-03T20:06:50.000+0000","","","","0060t00000FhGxeAAF","false","1.8","a1Vf4000002O5pHEAS",""
"a1K0t000000dJLPEA2","false","00008183","BRL","2019-07-03T20:06:50.000+0000","005f4000000jPAEAA2","2019-07-03T20:06:50.000+0000","005f4000000jPAEAA2","2019-07-03T20:06:50.000+0000","","","","0060t00000FhGxeAAF","false","70","a1Vf4000002O5pQEAS",""
"a1K0t000000dJRYEA2","false","00008438","BRL","2019-07-03T20:07:54.000+0000","005f4000000jPAEAA2","2019-07-03T20:07:54.000+0000","005f4000000jPAEAA2","2019-07-03T20:07:54.000+0000","","","","0060t00000FhH3EAAV","false","1.8","a1Vf4000002O5pHEAS",""
"a1K0t000000dJRZEA2","false","00008439","BRL","2019-07-03T20:07:54.000+0000","005f4000000jPAEAA2","2019-07-03T20:07:54.000+0000","005f4000000jPAEAA2","2019-07-03T20:07:54.000+0000","","","","0060t00000FhH3EAAV","false","70","a1Vf4000002O5pQEAS",""
"a1K0t000000dJRaEAM","false","00008478","BRL","2019-07-03T20:08:02.000+0000","005f4000000jPAEAA2","2019-07-03T20:08:02.000+0000","005f4000000jPAEAA2","2019-07-03T20:08:02.000+0000","","","","0060t00000FhH3FAAV","false","1.8","a1Vf4000002O5pHEAS",""
"a1K0t000000dJTNEA2","false","00008479","BRL","2019-07-03T20:08:02.000+0000","005f4000000jPAEAA2","2019-07-03T20:08:02.000+0000","005f4000000jPAEAA2","2019-07-03T20:08:02.000+0000","","","","0060t00000FhH3FAAV","false","70","a1Vf4000002O5pQEAS",""
"a1K0t000000dKUrEAM","false","00010725","BRL","2019-07-03T20:18:09.000+0000","005f4000000jPAEAA2","2019-07-03T20:18:09.000+0000","005f4000000jPAEAA2","2019-07-03T20:18:09.000+0000","","","","0060t00000FhI2uAAF","false","70","a1Vf4000002O5pQEAS",""
"a1K0t000000dKUqEAM","false","00010724","BRL","2019-07-03T20:18:09.000+0000","005f4000000jPAEAA2","2019-07-03T20:18:09.000+0000","005f4000000jPAEAA2","2019-07-03T20:18:09.000+0000","","","","0060t00000FhI2uAAF","false","1.8","a1Vf4000002O5pHEAS",""
"a1K0t000000dJrjEAE","false","00009358","BRL","2019-07-03T20:11:24.000+0000","005f4000000jPAEAA2","2019-07-03T20:11:24.000+0000","005f4000000jPAEAA2","2019-07-03T20:11:24.000+0000","","","","0060t00000FhHU9AAN","false","1.8","a1Vf4000002O5pHEAS",""
"a1K0t000000dJrkEAE","false","00009359","BRL","2019-07-03T20:11:24.000+0000","005f4000000jPAEAA2","2019-07-03T20:11:24.000+0000","005f4000000jPAEAA2","2019-07-03T20:11:24.000+0000","","","","0060t00000FhHU9AAN","false","70","a1Vf4000002O5pQEAS",""
"a1K0t000000dK5WEAU","false","00009856","BRL","2019-07-03T20:14:05.000+0000","005f4000000jPAEAA2","2019-07-03T20:14:05.000+0000","005f4000000jPAEAA2","2019-07-03T20:14:05.000+0000","","","","0060t00000FhHg5AAF","false","1.8","a1Vf4000002O5pHEAS",""
"a1K0t000000dK5XEAU","false","00009857","BRL","2019-07-03T20:14:05.000+0000","005f4000000jPAEAA2","2019-07-03T20:14:05.000+0000","005f4000000jPAEAA2","2019-07-03T20:14:05.000+0000","","","","0060t00000FhHg5AAF","false","70","a1Vf4000002O5pQEAS",""
"a1K0t000000dKR3EAM","false","00010602","BRL","2019-07-03T20:17:32.000+0000","005f4000000jPAEAA2","2019-07-03T20:17:32.000+0000","005f4000000jPAEAA2","2019-07-03T20:17:32.000+0000","","","","0060t00000FhHzWAAV","false","1.8","a1Vf4000002O5pHEAS",""
"a1K0t000000dKR4EAM","false","00010603","BRL","2019-07-03T20:17:32.000+0000","005f4000000jPAEAA2","2019-07-03T20:17:32.000+0000","005f4000000jPAEAA2","2019-07-03T20:17:32.000+0000","","","","0060t00000FhHzWAAV","false","70","a1Vf4000002O5pQEAS",""
"a1K0t000000dKUbEAM","false","00010710","BRL","2019-07-03T20:18:01.000+0000","005f4000000jPAEAA2","2019-07-03T20:18:01.000+0000","005f4000000jPAEAA2","2019-07-03T20:18:01.000+0000","","","","0060t00000FhI2fAAF","false","1.8","a1Vf4000002O5pHEAS",""
"a1K0t000000dKUcEAM","false","00010711","BRL","2019-07-03T20:18:01.000+0000","005f4000000jPAEAA2","2019-07-03T20:18:01.000+0000","005f4000000jPAEAA2","2019-07-03T20:18:01.000+0000","","","","0060t00000FhI2fAAF","false","70","a1Vf4000002O5pQEAS",""
"a1K0t000000dcrMEAQ","false","00031493","BRL","2019-07-18T20:12:20.000+0000","005f4000000jPAEAA2","2019-07-18T20:12:20.000+0000","005f4000000jPAEAA2","2019-07-18T20:12:20.000+0000","","","","0060t00000FjDGSAA3","false","15","a1Vf4000002O5pHEAS",""
"a1K0t000000dcrLEAQ","false","00031492","BRL","2019-07-18T20:12:20.000+0000","005f4000000jPAEAA2","2019-07-18T20:12:20.000+0000","005f4000000jPAEAA2","2019-07-18T20:12:20.000+0000","","","","0060t00000FjDGSAA3","false","10","a1Vf4000002O5pGEAS",""
"a1K0t000000dNoAEAU","false","00016450","BRL","2019-07-04T14:23:13.000+0000","005f4000000jPAEAA2","2019-07-04T14:23:13.000+0000","005f4000000jPAEAA2","2019-07-04T14:23:13.000+0000","","","","0060t00000FhOfZAAV","false","70","a1Vf4000002O5pQEAS",""
"a1K0t000000dNoBEAU","false","00016451","BRL","2019-07-04T14:23:13.000+0000","005f4000000jPAEAA2","2019-07-04T14:23:13.000+0000","005f4000000jPAEAA2","2019-07-04T14:23:13.000+0000","","","","0060t00000FhOfZAAV","false","1.8","a1Vf4000002O5pHEAS",""
"a1K0t000000dN0PEAU","false","00014788","BRL","2019-07-04T14:10:55.000+0000","005f4000000jPAEAA2","2019-07-04T14:10:55.000+0000","005f4000000jPAEAA2","2019-07-04T14:10:55.000+0000","","","","0060t00000FhNv2AAF","false","70","a1Vf4000002O5pQEAS",""
"a1K0t000000dN0QEAU","false","00014789","BRL","2019-07-04T14:10:55.000+0000","005f4000000jPAEAA2","2019-07-04T14:10:55.000+0000","005f4000000jPAEAA2","2019-07-04T14:10:55.000+0000","","","","0060t00000FhNv2AAF","false","1.8","a1Vf4000002O5pHEAS",""
"a1K0t000000dOpwEAE","false","00018854","BRL","2019-07-04T14:43:23.000+0000","005f4000000jPAEAA2","2019-07-04T14:43:23.000+0000","005f4000000jPAEAA2","2019-07-04T14:43:23.000+0000","","","","0060t00000FhPdbAAF","false","70","a1Vf4000002O5pQEAS",""
"a1K0t000000dOzEEAU","false","00018855","BRL","2019-07-04T14:43:23.000+0000","005f4000000jPAEAA2","2019-07-04T14:43:23.000+0000","005f4000000jPAEAA2","2019-07-04T14:43:23.000+0000","","","","0060t00000FhPdbAAF","false","1.8","a1Vf4000002O5pHEAS",""
"a1K0t000000dOv7EAE","false","00018708","BRL","2019-07-04T14:42:13.000+0000","005f4000000jPAEAA2","2019-07-04T14:42:13.000+0000","005f4000000jPAEAA2","2019-07-04T14:42:13.000+0000","","","","0060t00000FhPieAAF","false","70","a1Vf4000002O5pQEAS",""
"a1K0t000000dOv8EAE","false","00018709","BRL","2019-07-04T14:42:13.000+0000","005f4000000jPAEAA2","2019-07-04T14:42:13.000+0000","005f4000000jPAEAA2","2019-07-04T14:42:13.000+0000","","","","0060t00000FhPieAAF","false","1.8","a1Vf4000002O5pHEAS",""
"a1K0t000000daXOEAY","false","00031104","BRL","2019-07-16T20:18:33.000+0000","005f4000000jPAEAA2","2019-07-16T20:18:33.000+0000","005f4000000jPAEAA2","2019-07-16T20:18:33.000+0000","","","","0060t00000FilnwAAB","false","10","a1Vf4000002O5pGEAS",""
"a1K0t000000daXPEAY","false","00031105","BRL","2019-07-16T20:18:33.000+0000","005f4000000jPAEAA2","2019-07-16T20:18:33.000+0000","005f4000000jPAEAA2","2019-07-16T20:18:33.000+0000","","","","0060t00000FilnwAAB","false","15","a1Vf4000002O5pHEAS",""
"a1K0t000000dcQ8EAI","false","00031412","BRL","2019-07-17T22:20:57.000+0000","005f4000000jPAEAA2","2019-07-17T22:20:57.000+0000","005f4000000jPAEAA2","2019-07-17T22:20:57.000+0000","","","","0060t00000Fj0PtAAJ","false","10","a1Vf4000002O5pGEAS",""
"a1K0t000000dcQ9EAI","false","00031413","BRL","2019-07-17T22:20:57.000+0000","005f4000000jPAEAA2","2019-07-17T22:20:57.000+0000","005f4000000jPAEAA2","2019-07-17T22:20:57.000+0000","","","","0060t00000Fj0PtAAJ","false","15","a1Vf4000002O5pHEAS",""
"a1K0t000000dfa7EAA","false","00035567","BRL","2019-07-19T19:18:08.000+0000","005f4000000jPAEAA2","2019-07-19T19:18:08.000+0000","005f4000000jPAEAA2","2019-07-19T19:18:08.000+0000","","","","0060t00000FjJBeAAN","false","1.8","a1Vf4000002O5pHEAS",""
"a1K0t000000dfa6EAA","false","00035566","BRL","2019-07-19T19:18:08.000+0000","005f4000000jPAEAA2","2019-07-19T19:18:08.000+0000","005f4000000jPAEAA2","2019-07-19T19:18:08.000+0000","","","","0060t00000FjJBeAAN","false","70","a1Vf4000002O5pQEAS",""
"a1K0t000000ddUmEAI","false","00032246","BRL","2019-07-19T14:50:52.000+0000","005f4000000jPAEAA2","2019-07-19T14:50:52.000+0000","005f4000000jPAEAA2","2019-07-19T14:50:52.000+0000","","","","0060t00000FjGV6AAN","false","70","a1Vf4000002O5pQEAS",""
"a1K0t000000ddUnEAI","false","00032247","BRL","2019-07-19T14:50:52.000+0000","005f4000000jPAEAA2","2019-07-19T14:50:52.000+0000","005f4000000jPAEAA2","2019-07-19T14:50:52.000+0000","","","","0060t00000FjGV6AAN","false","1.8","a1Vf4000002O5pHEAS",""
"a1K0t000000ddg9EAA","false","00032536","BRL","2019-07-19T15:03:08.000+0000","005f4000000jPAEAA2","2019-07-19T15:03:08.000+0000","005f4000000jPAEAA2","2019-07-19T15:03:08.000+0000","","","","0060t00000FjGhEAAV","false","10","a1Vf4000002O5pGEAS",""
"a1K0t000000ddgAEAQ","false","00032537","BRL","2019-07-19T15:03:08.000+0000","005f4000000jPAEAA2","2019-07-19T15:03:08.000+0000","005f4000000jPAEAA2","2019-07-19T15:03:08.000+0000","","","","0060t00000FjGhEAAV","false","15","a1Vf4000002O5pHEAS",""
"a1K0t000000dfD9EAI","false","00034846","BRL","2019-07-19T19:13:36.000+0000","005f4000000jPAEAA2","2019-07-19T19:13:36.000+0000","005f4000000jPAEAA2","2019-07-19T19:13:36.000+0000","","","","0060t00000FjIpKAAV","false","70","a1Vf4000002O5pQEAS",""
"a1K0t000000dfDAEAY","false","00034847","BRL","2019-07-19T19:13:36.000+0000","005f4000000jPAEAA2","2019-07-19T19:13:36.000+0000","005f4000000jPAEAA2","2019-07-19T19:13:36.000+0000","","","","0060t00000FjIpKAAV","false","1.8","a1Vf4000002O5pHEAS",""
"a1K0t000000dfZSEAY","false","00035546","BRL","2019-07-19T19:18:01.000+0000","005f4000000jPAEAA2","2019-07-19T19:18:01.000+0000","005f4000000jPAEAA2","2019-07-19T19:18:01.000+0000","","","","0060t00000FjJB0AAN","false","70","a1Vf4000002O5pQEAS",""
"a1K0t000000dfZTEAY","false","00035547","BRL","2019-07-19T19:18:01.000+0000","005f4000000jPAEAA2","2019-07-19T19:18:01.000+0000","005f4000000jPAEAA2","2019-07-19T19:18:01.000+0000","","","","0060t00000FjJB0AAN","false","1.8","a1Vf4000002O5pHEAS",""
"a1K0t000000dsOCEAY","false","00060335","BRL","2019-07-22T14:44:14.000+0000","005f4000000jPAEAA2","2019-07-22T14:44:14.000+0000","005f4000000jPAEAA2","2019-07-22T14:44:14.000+0000","","","","0060t00000FjcfAAAR","false","1.8","a1Vf4000002O5pHEAS",""
"a1K0t000000dsOBEAY","false","00060334","BRL","2019-07-22T14:44:14.000+0000","005f4000000jPAEAA2","2019-07-22T14:44:14.000+0000","005f4000000jPAEAA2","2019-07-22T14:44:14.000+0000","","","","0060t00000FjcfAAAR","false","70","a1Vf4000002O5pQEAS",""
"a1K0t000000dgTwEAI","false","00037554","BRL","2019-07-19T19:30:31.000+0000","005f4000000jPAEAA2","2019-07-19T19:30:31.000+0000","005f4000000jPAEAA2","2019-07-19T19:30:31.000+0000","","","","0060t00000FjK5FAAV","false","70","a1Vf4000002O5pQEAS",""
"a1K0t000000dgTxEAI","false","00037555","BRL","2019-07-19T19:30:31.000+0000","005f4000000jPAEAA2","2019-07-19T19:30:31.000+0000","005f4000000jPAEAA2","2019-07-19T19:30:31.000+0000","","","","0060t00000FjK5FAAV","false","1.8","a1Vf4000002O5pHEAS",""
"a1K0t000000dgZiEAI","false","00037628","BRL","2019-07-19T19:30:51.000+0000","005f4000000jPAEAA2","2019-07-19T19:30:51.000+0000","005f4000000jPAEAA2","2019-07-19T19:30:51.000+0000","","","","0060t00000FjKBCAA3","false","70","a1Vf4000002O5pQEAS",""
"a1K0t000000dgZjEAI","false","00037629","BRL","2019-07-19T19:30:51.000+0000","005f4000000jPAEAA2","2019-07-19T19:30:51.000+0000","005f4000000jPAEAA2","2019-07-19T19:30:51.000+0000","","","","0060t00000FjKBCAA3","false","1.8","a1Vf4000002O5pHEAS",""
"a1K0t000000dhR1EAI","false","00039370","BRL","2019-07-19T19:41:53.000+0000","005f4000000jPAEAA2","2019-07-19T19:41:53.000+0000","005f4000000jPAEAA2","2019-07-19T19:41:53.000+0000","","","","0060t00000FjL2CAAV","false","70","a1Vf4000002O5pQEAS",""
"a1K0t000000dhR2EAI","false","00039371","BRL","2019-07-19T19:41:53.000+0000","005f4000000jPAEAA2","2019-07-19T19:41:53.000+0000","005f4000000jPAEAA2","2019-07-19T19:41:53.000+0000","","","","0060t00000FjL2CAAV","false","1.8","a1Vf4000002O5pHEAS",""
"a1K0t000000dihtEAA","false","00041980","BRL","2019-07-19T19:58:15.000+0000","005f4000000jPAEAA2","2019-07-19T19:58:15.000+0000","005f4000000jPAEAA2","2019-07-19T19:58:15.000+0000","","","","0060t00000FjMMZAA3","false","70","a1Vf4000002O5pQEAS",""
"a1K0t000000dihuEAA","false","00041981","BRL","2019-07-19T19:58:15.000+0000","005f4000000jPAEAA2","2019-07-19T19:58:15.000+0000","005f4000000jPAEAA2","2019-07-19T19:58:15.000+0000","","","","0060t00000FjMMZAA3","false","1.8","a1Vf4000002O5pHEAS",""
"a1K0t000000diuaEAA","false","00042768","BRL","2019-07-19T20:03:22.000+0000","005f4000000jPAEAA2","2019-07-19T20:03:22.000+0000","005f4000000jPAEAA2","2019-07-19T20:03:22.000+0000","","","","0060t00000FjMZoAAN","false","70","a1Vf4000002O5pQEAS",""
"a1K0t000000diubEAA","false","00042769","BRL","2019-07-19T20:03:22.000+0000","005f4000000jPAEAA2","2019-07-19T20:03:22.000+0000","005f4000000jPAEAA2","2019-07-19T20:03:22.000+0000","","","","0060t00000FjMZoAAN","false","1.8","a1Vf4000002O5pHEAS",""
"a1K0t000000djruEAA","false","00044426","BRL","2019-07-19T20:13:26.000+0000","005f4000000jPAEAA2","2019-07-19T20:13:26.000+0000","005f4000000jPAEAA2","2019-07-19T20:13:26.000+0000","","","","0060t00000FjNbuAAF","false","70","a1Vf4000002O5pQEAS",""
"a1K0t000000djrvEAA","false","00044427","BRL","2019-07-19T20:13:26.000+0000","005f4000000jPAEAA2","2019-07-19T20:13:26.000+0000","005f4000000jPAEAA2","2019-07-19T20:13:26.000+0000","","","","0060t00000FjNbuAAF","false","1.8","a1Vf4000002O5pHEAS",""
"a1K0t000000dk5UEAQ","false","00044940","BRL","2019-07-19T20:16:33.000+0000","005f4000000jPAEAA2","2019-07-19T20:16:33.000+0000","005f4000000jPAEAA2","2019-07-19T20:16:33.000+0000","","","","0060t00000FjNqqAAF","false","70","a1Vf4000002O5pQEAS",""
"a1K0t000000dk5VEAQ","false","00044941","BRL","2019-07-19T20:16:33.000+0000","005f4000000jPAEAA2","2019-07-19T20:16:33.000+0000","005f4000000jPAEAA2","2019-07-19T20:16:33.000+0000","","","","0060t00000FjNqqAAF","false","1.8","a1Vf4000002O5pHEAS",""
"a1K0t000000dlCPEAY","false","00047158","BRL","2019-07-19T20:30:32.000+0000","005f4000000jPAEAA2","2019-07-19T20:30:32.000+0000","005f4000000jPAEAA2","2019-07-19T20:30:32.000+0000","","","","0060t00000FjP1YAAV","false","70","a1Vf4000002O5pQEAS",""
"a1K0t000000dlCQEAY","false","00047159","BRL","2019-07-19T20:30:32.000+0000","005f4000000jPAEAA2","2019-07-19T20:30:32.000+0000","005f4000000jPAEAA2","2019-07-19T20:30:32.000+0000","","","","0060t00000FjP1YAAV","false","1.8","a1Vf4000002O5pHEAS",""
"a1K0t000000dlReEAI","false","00047674","BRL","2019-07-19T20:33:45.000+0000","005f4000000jPAEAA2","2019-07-19T20:33:45.000+0000","005f4000000jPAEAA2","2019-07-19T20:33:45.000+0000","","","","0060t00000FjPGYAA3","false","70","a1Vf4000002O5pQEAS",""
"a1K0t000000dlRfEAI","false","00047675","BRL","2019-07-19T20:33:45.000+0000","005f4000000jPAEAA2","2019-07-19T20:33:45.000+0000","005f4000000jPAEAA2","2019-07-19T20:33:45.000+0000","","","","0060t00000FjPGYAA3","false","1.8","a1Vf4000002O5pHEAS",""
"a1K0t000000doU7EAI","false","00054020","BRL","2019-07-19T21:12:32.000+0000","005f4000000jPAEAA2","2019-07-19T21:12:32.000+0000","005f4000000jPAEAA2","2019-07-19T21:12:32.000+0000","","","","0060t00000FjSCYAA3","false","70","a1Vf4000002O5pQEAS",""
"a1K0t000000doU8EAI","false","00054021","BRL","2019-07-19T21:12:32.000+0000","005f4000000jPAEAA2","2019-07-19T21:12:32.000+0000","005f4000000jPAEAA2","2019-07-19T21:12:32.000+0000","","","","0060t00000FjSCYAA3","false","1.8","a1Vf4000002O5pHEAS",""
"a1K0t000000dr8LEAQ","false","00057380","BRL","2019-07-22T14:37:00.000+0000","005f4000000jPAEAA2","2019-07-22T14:37:00.000+0000","005f4000000jPAEAA2","2019-07-22T14:37:00.000+0000","","","","0060t00000FjbRsAAJ","false","70","a1Vf4000002O5pQEAS",""
"a1K0t000000dr8MEAQ","false","00057381","BRL","2019-07-22T14:37:00.000+0000","005f4000000jPAEAA2","2019-07-22T14:37:00.000+0000","005f4000000jPAEAA2","2019-07-22T14:37:00.000+0000","","","","0060t00000FjbRsAAJ","false","1.8","a1Vf4000002O5pHEAS",""
"a1K0t000000dsO9EAI","false","00060172","BRL","2019-07-22T14:44:01.000+0000","005f4000000jPAEAA2","2019-07-22T14:44:01.000+0000","005f4000000jPAEAA2","2019-07-22T14:44:01.000+0000","","","","0060t00000Fjcf9AAB","false","70","a1Vf4000002O5pQEAS",""
"a1K0t000000dsOAEAY","false","00060173","BRL","2019-07-22T14:44:01.000+0000","005f4000000jPAEAA2","2019-07-22T14:44:01.000+0000","005f4000000jPAEAA2","2019-07-22T14:44:01.000+0000","","","","0060t00000Fjcf9AAB","false","1.8","a1Vf4000002O5pHEAS",""
"a1K0t000000dvA6EAI","false","00066955","BRL","2019-07-22T15:00:25.000+0000","005f4000000jPAEAA2","2019-07-22T15:00:25.000+0000","005f4000000jPAEAA2","2019-07-22T15:00:25.000+0000","","","","0060t00000FjepOAAR","false","1.8","a1Vf4000002O5pHEAS",""
"a1K0t000000dvA5EAI","false","00066954","BRL","2019-07-22T15:00:25.000+0000","005f4000000jPAEAA2","2019-07-22T15:00:25.000+0000","005f4000000jPAEAA2","2019-07-22T15:00:25.000+0000","","","","0060t00000FjepOAAR","false","70","a1Vf4000002O5pQEAS",""
"a1K0t000000dt4KEAQ","false","00061824","BRL","2019-07-22T14:47:58.000+0000","005f4000000jPAEAA2","2019-07-22T14:47:58.000+0000","005f4000000jPAEAA2","2019-07-22T14:47:58.000+0000","","","","0060t00000FjdCSAAZ","false","70","a1Vf4000002O5pQEAS",""
"a1K0t000000dt4LEAQ","false","00061825","BRL","2019-07-22T14:47:58.000+0000","005f4000000jPAEAA2","2019-07-22T14:47:58.000+0000","005f4000000jPAEAA2","2019-07-22T14:47:58.000+0000","","","","0060t00000FjdCSAAZ","false","1.8","a1Vf4000002O5pHEAS",""
"a1K0t000000duH9EAI","false","00064954","BRL","2019-07-22T14:55:45.000+0000","005f4000000jPAEAA2","2019-07-22T14:55:45.000+0000","005f4000000jPAEAA2","2019-07-22T14:55:45.000+0000","","","","0060t00000Fje9PAAR","false","70","a1Vf4000002O5pQEAS",""
"a1K0t000000duM5EAI","false","00064955","BRL","2019-07-22T14:55:45.000+0000","005f4000000jPAEAA2","2019-07-22T14:55:45.000+0000","005f4000000jPAEAA2","2019-07-22T14:55:45.000+0000","","","","0060t00000Fje9PAAR","false","1.8","a1Vf4000002O5pHEAS",""
"a1K0t000000duKnEAI","false","00064912","BRL","2019-07-22T14:55:41.000+0000","005f4000000jPAEAA2","2019-07-22T14:55:41.000+0000","005f4000000jPAEAA2","2019-07-22T14:55:41.000+0000","","","","0060t00000FjeCbAAJ","false","70","a1Vf4000002O5pQEAS",""
"a1K0t000000duKoEAI","false","00064913","BRL","2019-07-22T14:55:41.000+0000","005f4000000jPAEAA2","2019-07-22T14:55:41.000+0000","005f4000000jPAEAA2","2019-07-22T14:55:41.000+0000","","","","0060t00000FjeCbAAJ","false","1.8","a1Vf4000002O5pHEAS",""
"a1K0t000000dv8xEAA","false","00066904","BRL","2019-07-22T15:00:24.000+0000","005f4000000jPAEAA2","2019-07-22T15:00:24.000+0000","005f4000000jPAEAA2","2019-07-22T15:00:24.000+0000","","","","0060t00000Fjep9AAB","false","70","a1Vf4000002O5pQEAS",""
"a1K0t000000dv8yEAA","false","00066905","BRL","2019-07-22T15:00:24.000+0000","005f4000000jPAEAA2","2019-07-22T15:00:24.000+0000","005f4000000jPAEAA2","2019-07-22T15:00:24.000+0000","","","","0060t00000Fjep9AAB","false","1.8","a1Vf4000002O5pHEAS",""
"a1K0t000000e1Z0EAI","false","00082914","BRL","2019-07-22T22:04:41.000+0000","005f4000000jPAEAA2","2019-07-22T22:04:41.000+0000","005f4000000jPAEAA2","2019-07-22T22:04:41.000+0000","","","","0060t00000FjmmXAAR","false","70","a1Vf4000002O5pQEAS",""
"a1K0t000000dwqaEAA","false","00071238","BRL","2019-07-22T15:10:31.000+0000","005f4000000jPAEAA2","2019-07-22T15:10:31.000+0000","005f4000000jPAEAA2","2019-07-22T15:10:31.000+0000","","","","0060t00000Fjg97AAB","false","70","a1Vf4000002O5pQEAS",""
"a1K0t000000dwvREAQ","false","00071239","BRL","2019-07-22T15:10:31.000+0000","005f4000000jPAEAA2","2019-07-22T15:10:31.000+0000","005f4000000jPAEAA2","2019-07-22T15:10:31.000+0000","","","","0060t00000Fjg97AAB","false","1.8","a1Vf4000002O5pHEAS",""
"a1K0t000000e1heEAA","false","00082915","BRL","2019-07-22T22:04:41.000+0000","005f4000000jPAEAA2","2019-07-22T22:04:41.000+0000","005f4000000jPAEAA2","2019-07-22T22:04:41.000+0000","","","","0060t00000FjmmXAAR","false","1.8","a1Vf4000002O5pHEAS",""
"a1K0t000000eRT1EAM","false","00144746","BRL","2019-07-24T17:01:06.000+0000","005f4000000jPAEAA2","2019-07-24T17:01:06.000+0000","005f4000000jPAEAA2","2019-07-24T17:01:06.000+0000","","","","0060t00000HNMTaAAP","false","1.8","a1Vf4000002O5pHEAS",""
"a1K0t000000eRT2EAM","false","00144747","BRL","2019-07-24T17:01:06.000+0000","005f4000000jPAEAA2","2019-07-24T17:01:06.000+0000","005f4000000jPAEAA2","2019-07-24T17:01:06.000+0000","","","","0060t00000HNMTaAAP","false","70","a1Vf4000002O5pQEAS",""
"a1K0t000000eRMKEA2","false","00144574","BRL","2019-07-24T16:55:13.000+0000","005f4000000jPAEAA2","2019-07-24T16:55:13.000+0000","005f4000000jPAEAA2","2019-07-24T16:55:13.000+0000","","","","0060t00000HNMNKAA5","false","1.8","a1Vf4000002O5pHEAS",""
"a1K0t000000eRMLEA2","false","00144575","BRL","2019-07-24T16:55:13.000+0000","005f4000000jPAEAA2","2019-07-24T16:55:13.000+0000","005f4000000jPAEAA2","2019-07-24T16:55:13.000+0000","","","","0060t00000HNMNKAA5","false","70","a1Vf4000002O5pQEAS",""
"a1K0t000004KLGZEA4","false","00698978","BRL","2020-04-15T18:54:43.000+0000","005f4000000jPAEAA2","2020-04-15T18:54:43.000+0000","005f4000000jPAEAA2","2020-04-15T18:54:43.000+0000","","","","0060t00000TOmzAAAT","false","1.8","a1Vf4000002O5pHEAS",""
"a1K0t000004KLGYEA4","false","00698977","BRL","2020-04-15T18:54:43.000+0000","005f4000000jPAEAA2","2020-04-15T18:54:43.000+0000","005f4000000jPAEAA2","2020-04-15T18:54:43.000+0000","","","","0060t00000TOmzAAAT","false","70","a1Vf4000002O5pQEAS",""
"a1K0t000004KLcVEAW","false","00700197","BRL","2020-04-15T18:56:35.000+0000","005f4000000jPAEAA2","2020-04-15T18:56:35.000+0000","005f4000000jPAEAA2","2020-04-15T18:56:35.000+0000","","","","0060t00000TOmxNAAT","false","70","a1Vf4000002O5pQEAS",""
"a1K0t000004KLcWEAW","false","00700198","BRL","2020-04-15T18:56:35.000+0000","005f4000000jPAEAA2","2020-04-15T18:56:35.000+0000","005f4000000jPAEAA2","2020-04-15T18:56:35.000+0000","","","","0060t00000TOmxNAAT","false","1.8","a1Vf4000002O5pHEAS",""
"a1K0t000004KKoiEAG","false","00700201","BRL","2020-04-15T18:56:37.000+0000","005f4000000jPAEAA2","2020-04-15T18:56:37.000+0000","005f4000000jPAEAA2","2020-04-15T18:56:37.000+0000","","","","0060t00000TOmw8AAD","false","70","a1Vf4000002O5pQEAS",""
"a1K0t000004KKojEAG","false","00700202","BRL","2020-04-15T18:56:37.000+0000","005f4000000jPAEAA2","2020-04-15T18:56:37.000+0000","005f4000000jPAEAA2","2020-04-15T18:56:37.000+0000","","","","0060t00000TOmw8AAD","false","1.8","a1Vf4000002O5pHEAS",""
"a1K0t000004KLQMEA4","false","00700433","BRL","2020-04-15T18:57:03.000+0000","005f4000000jPAEAA2","2020-04-15T18:57:03.000+0000","005f4000000jPAEAA2","2020-04-15T18:57:03.000+0000","","","","0060t00000TOmy6AAD","false","70","a1Vf4000002O5pQEAS",""
"a1K0t000004KLQNEA4","false","00700434","BRL","2020-04-15T18:57:03.000+0000","005f4000000jPAEAA2","2020-04-15T18:57:03.000+0000","005f4000000jPAEAA2","2020-04-15T18:57:03.000+0000","","","","0060t00000TOmy6AAD","false","1.8","a1Vf4000002O5pHEAS",""
"a1K0t000004KLGWEA4","false","00698237","BRL","2020-04-15T18:53:39.000+0000","005f4000000jPAEAA2","2020-04-15T18:53:39.000+0000","005f4000000jPAEAA2","2020-04-15T18:53:39.000+0000","","","","0060t00000TOmz9AAD","false","70","a1Vf4000002O5pQEAS",""
"a1K0t000004KLGXEA4","false","00698238","BRL","2020-04-15T18:53:39.000+0000","005f4000000jPAEAA2","2020-04-15T18:53:39.000+0000","005f4000000jPAEAA2","2020-04-15T18:53:39.000+0000","","","","0060t00000TOmz9AAD","false","1.8","a1Vf4000002O5pHEAS",""
"a1K0t000004KLajEAG","false","00699104","BRL","2020-04-15T18:54:52.000+0000","005f4000000jPAEAA2","2020-04-15T18:54:52.000+0000","005f4000000jPAEAA2","2020-04-15T18:54:52.000+0000","","","","0060t00000TOmzcAAD","false","1.8","a1Vf4000002O5pHEAS",""
"a1K0t000004KKvCEAW","false","00699103","BRL","2020-04-15T18:54:52.000+0000","005f4000000jPAEAA2","2020-04-15T18:54:52.000+0000","005f4000000jPAEAA2","2020-04-15T18:54:52.000+0000","","","","0060t00000TOmzcAAD","false","70","a1Vf4000002O5pQEAS",""
"a1K0t000004KLNdEAO","false","00699048","BRL","2020-04-15T18:54:51.000+0000","005f4000000jPAEAA2","2020-04-15T18:54:51.000+0000","005f4000000jPAEAA2","2020-04-15T18:54:51.000+0000","","","","0060t00000TOn1oAAD","false","1.8","a1Vf4000002O5pHEAS",""
"a1K0t000004KLNcEAO","false","00699047","BRL","2020-04-15T18:54:51.000+0000","005f4000000jPAEAA2","2020-04-15T18:54:51.000+0000","005f4000000jPAEAA2","2020-04-15T18:54:51.000+0000","","","","0060t00000TOn1oAAD","false","70","a1Vf4000002O5pQEAS",""
"a1K0t000004KLvNEAW","false","00700495","BRL","2020-04-15T18:57:04.000+0000","005f4000000jPAEAA2","2020-04-15T18:57:04.000+0000","005f4000000jPAEAA2","2020-04-15T18:57:04.000+0000","","","","0060t00000TOmzUAAT","false","70","a1Vf4000002O5pQEAS",""
"a1K0t000004KLvOEAW","false","00700496","BRL","2020-04-15T18:57:04.000+0000","005f4000000jPAEAA2","2020-04-15T18:57:04.000+0000","005f4000000jPAEAA2","2020-04-15T18:57:04.000+0000","","","","0060t00000TOmzUAAT","false","1.8","a1Vf4000002O5pHEAS",""
"a1K0t000004KKyiEAG","false","00697993","BRL","2020-04-15T18:53:10.000+0000","005f4000000jPAEAA2","2020-04-15T18:53:10.000+0000","005f4000000jPAEAA2","2020-04-15T18:53:10.000+0000","","","","0060t00000TOn1mAAD","false","70","a1Vf4000002O5pQEAS",""
"a1K0t000004KKyjEAG","false","00697994","BRL","2020-04-15T18:53:10.000+0000","005f4000000jPAEAA2","2020-04-15T18:53:10.000+0000","005f4000000jPAEAA2","2020-04-15T18:53:10.000+0000","","","","0060t00000TOn1mAAD","false","1.8","a1Vf4000002O5pHEAS",""
"a1K0t000004KKykEAG","false","00698383","BRL","2020-04-15T18:53:49.000+0000","005f4000000jPAEAA2","2020-04-15T18:53:49.000+0000","005f4000000jPAEAA2","2020-04-15T18:53:49.000+0000","","","","0060t00000TOn1nAAD","false","70","a1Vf4000002O5pQEAS",""
"a1K0t000004KLNbEAO","false","00698384","BRL","2020-04-15T18:53:49.000+0000","005f4000000jPAEAA2","2020-04-15T18:53:49.000+0000","005f4000000jPAEAA2","2020-04-15T18:53:49.000+0000","","","","0060t00000TOn1nAAD","false","1.8","a1Vf4000002O5pHEAS",""
"a1K0t000004KLs7EAG","false","00700301","BRL","2020-04-15T18:56:46.000+0000","005f4000000jPAEAA2","2020-04-15T18:56:46.000+0000","005f4000000jPAEAA2","2020-04-15T18:56:46.000+0000","","","","0060t00000TOn4nAAD","false","70","a1Vf4000002O5pQEAS",""
"a1K0t000004KLs8EAG","false","00700302","BRL","2020-04-15T18:56:46.000+0000","005f4000000jPAEAA2","2020-04-15T18:56:46.000+0000","005f4000000jPAEAA2","2020-04-15T18:56:46.000+0000","","","","0060t00000TOn4nAAD","false","1.8","a1Vf4000002O5pHEAS",""
"a1K0t000004KLh0EAG","false","00700344","BRL","2020-04-15T18:56:53.000+0000","005f4000000jPAEAA2","2020-04-15T18:56:53.000+0000","005f4000000jPAEAA2","2020-04-15T18:56:53.000+0000","","","","0060t00000TOnQDAA1","false","1.8","a1Vf4000002O5pHEAS",""
"a1K0t000004KLgzEAG","false","00700343","BRL","2020-04-15T18:56:53.000+0000","005f4000000jPAEAA2","2020-04-15T18:56:53.000+0000","005f4000000jPAEAA2","2020-04-15T18:56:53.000+0000","","","","0060t00000TOnQDAA1","false","70","a1Vf4000002O5pQEAS",""
"a1K0t000004KL6qEAG","false","00698819","BRL","2020-04-15T18:54:33.000+0000","005f4000000jPAEAA2","2020-04-15T18:54:33.000+0000","005f4000000jPAEAA2","2020-04-15T18:54:33.000+0000","","","","0060t00000TOn4dAAD","false","70","a1Vf4000002O5pQEAS",""
"a1K0t000004KL6rEAG","false","00698820","BRL","2020-04-15T18:54:33.000+0000","005f4000000jPAEAA2","2020-04-15T18:54:33.000+0000","005f4000000jPAEAA2","2020-04-15T18:54:33.000+0000","","","","0060t00000TOn4dAAD","false","1.8","a1Vf4000002O5pHEAS",""
"a1K0t000004KLr3EAG","false","00700529","BRL","2020-04-15T19:00:04.000+0000","005f4000000jPAEAA2","2020-04-15T19:00:04.000+0000","005f4000000jPAEAA2","2020-04-15T19:00:04.000+0000","","","","0060t00000TOnLQAA1","false","70","a1Vf4000002O5pQEAS",""
"a1K0t000004KLr4EAG","false","00700530","BRL","2020-04-15T19:00:04.000+0000","005f4000000jPAEAA2","2020-04-15T19:00:04.000+0000","005f4000000jPAEAA2","2020-04-15T19:00:04.000+0000","","","","0060t00000TOnLQAA1","false","1.8","a1Vf4000002O5pHEAS",""
"a1K0t000004KLk8EAG","false","00700293","BRL","2020-04-15T18:56:45.000+0000","005f4000000jPAEAA2","2020-04-15T18:56:45.000+0000","005f4000000jPAEAA2","2020-04-15T18:56:45.000+0000","","","","0060t00000TOnLnAAL","false","70","a1Vf4000002O5pQEAS",""
"a1K0t000004KLk9EAG","false","00700294","BRL","2020-04-15T18:56:45.000+0000","005f4000000jPAEAA2","2020-04-15T18:56:45.000+0000","005f4000000jPAEAA2","2020-04-15T18:56:45.000+0000","","","","0060t00000TOnLnAAL","false","1.8","a1Vf4000002O5pHEAS",""
"a1K0t000004KLxQEAW","false","00700337","BRL","2020-04-15T18:56:53.000+0000","005f4000000jPAEAA2","2020-04-15T18:56:53.000+0000","005f4000000jPAEAA2","2020-04-15T18:56:53.000+0000","","","","0060t00000TOnOnAAL","false","70","a1Vf4000002O5pQEAS",""
"a1K0t000004KLxREAW","false","00700338","BRL","2020-04-15T18:56:53.000+0000","005f4000000jPAEAA2","2020-04-15T18:56:53.000+0000","005f4000000jPAEAA2","2020-04-15T18:56:53.000+0000","","","","0060t00000TOnOnAAL","false","1.8","a1Vf4000002O5pHEAS",""
"a1K0t000004KLhVEAW","false","00700279","BRL","2020-04-15T18:56:45.000+0000","005f4000000jPAEAA2","2020-04-15T18:56:45.000+0000","005f4000000jPAEAA2","2020-04-15T18:56:45.000+0000","","","","0060t00000TOnQdAAL","false","70","a1Vf4000002O5pQEAS",""
"a1K0t000004KLwIEAW","false","00700280","BRL","2020-04-15T18:56:45.000+0000","005f4000000jPAEAA2","2020-04-15T18:56:45.000+0000","005f4000000jPAEAA2","2020-04-15T18:56:45.000+0000","","","","0060t00000TOnQdAAL","false","1.8","a1Vf4000002O5pHEAS",""
"a1K0t000004KLi4EAG","false","00700285","BRL","2020-04-15T18:56:45.000+0000","005f4000000jPAEAA2","2020-04-15T18:56:45.000+0000","005f4000000jPAEAA2","2020-04-15T18:56:45.000+0000","","","","0060t00000TOnQxAAL","false","70","a1Vf4000002O5pQEAS",""
"a1K0t000004KLwSEAW","false","00700286","BRL","2020-04-15T18:56:45.000+0000","005f4000000jPAEAA2","2020-04-15T18:56:45.000+0000","005f4000000jPAEAA2","2020-04-15T18:56:45.000+0000","","","","0060t00000TOnQxAAL","false","1.8","a1Vf4000002O5pHEAS",""
"a1K0t000004KLsEEAW","false","00700399","BRL","2020-04-15T18:56:54.000+0000","005f4000000jPAEAA2","2020-04-15T18:56:54.000+0000","005f4000000jPAEAA2","2020-04-15T18:56:54.000+0000","","","","0060t00000TOnREAA1","false","70","a1Vf4000002O5pQEAS",""
"a1K0t000004KLsFEAW","false","00700400","BRL","2020-04-15T18:56:54.000+0000","005f4000000jPAEAA2","2020-04-15T18:56:54.000+0000","005f4000000jPAEAA2","2020-04-15T18:56:54.000+0000","","","","0060t00000TOnREAA1","false","1.8","a1Vf4000002O5pHEAS",""
"a1K0t000004KLkVEAW","false","00699641","BRL","2020-04-15T18:55:48.000+0000","005f4000000jPAEAA2","2020-04-15T18:55:48.000+0000","005f4000000jPAEAA2","2020-04-15T18:55:48.000+0000","","","","0060t00000TOnSIAA1","false","70","a1Vf4000002O5pQEAS",""
"a1K0t000004KLkWEAW","false","00699642","BRL","2020-04-15T18:55:48.000+0000","005f4000000jPAEAA2","2020-04-15T18:55:48.000+0000","005f4000000jPAEAA2","2020-04-15T18:55:48.000+0000","","","","0060t00000TOnSIAA1","false","1.8","a1Vf4000002O5pHEAS",""
"a1K0t000004KLkXEAW","false","00700203","BRL","2020-04-15T18:56:43.000+0000","005f4000000jPAEAA2","2020-04-15T18:56:43.000+0000","005f4000000jPAEAA2","2020-04-15T18:56:43.000+0000","","","","0060t00000TOnSJAA1","false","70","a1Vf4000002O5pQEAS",""
"a1K0t000004KLkYEAW","false","00700204","BRL","2020-04-15T18:56:43.000+0000","005f4000000jPAEAA2","2020-04-15T18:56:43.000+0000","005f4000000jPAEAA2","2020-04-15T18:56:43.000+0000","","","","0060t00000TOnSJAA1","false","1.8","a1Vf4000002O5pHEAS",""
"a1K0t000004KLkZEAW","false","00700355","BRL","2020-04-15T18:56:53.000+0000","005f4000000jPAEAA2","2020-04-15T18:56:53.000+0000","005f4000000jPAEAA2","2020-04-15T18:56:53.000+0000","","","","0060t00000TOnSKAA1","false","70","a1Vf4000002O5pQEAS",""
"a1K0t000004KLxfEAG","false","00700356","BRL","2020-04-15T18:56:53.000+0000","005f4000000jPAEAA2","2020-04-15T18:56:53.000+0000","005f4000000jPAEAA2","2020-04-15T18:56:53.000+0000","","","","0060t00000TOnSKAA1","false","1.8","a1Vf4000002O5pHEAS",""
"a1K0t000004KLmxEAG","false","00700473","BRL","2020-04-15T18:57:04.000+0000","005f4000000jPAEAA2","2020-04-15T18:57:04.000+0000","005f4000000jPAEAA2","2020-04-15T18:57:04.000+0000","","","","0060t00000TOnSyAAL","false","70","a1Vf4000002O5pQEAS",""
"a1K0t000004KLzqEAG","false","00700474","BRL","2020-04-15T18:57:04.000+0000","005f4000000jPAEAA2","2020-04-15T18:57:04.000+0000","005f4000000jPAEAA2","2020-04-15T18:57:04.000+0000","","","","0060t00000TOnSyAAL","false","1.8","a1Vf4000002O5pHEAS",""
"a1K0t000004KLoIEAW","false","00700233","BRL","2020-04-15T18:56:44.000+0000","005f4000000jPAEAA2","2020-04-15T18:56:44.000+0000","005f4000000jPAEAA2","2020-04-15T18:56:44.000+0000","","","","0060t00000TOnUAAA1","false","70","a1Vf4000002O5pQEAS",""
"a1K0t000004KLoJEAW","false","00700234","BRL","2020-04-15T18:56:44.000+0000","005f4000000jPAEAA2","2020-04-15T18:56:44.000+0000","005f4000000jPAEAA2","2020-04-15T18:56:44.000+0000","","","","0060t00000TOnUAAA1","false","1.8","a1Vf4000002O5pHEAS",""
"a1K0t000004KLoKEAW","false","00700329","BRL","2020-04-15T18:56:53.000+0000","005f4000000jPAEAA2","2020-04-15T18:56:53.000+0000","005f4000000jPAEAA2","2020-04-15T18:56:53.000+0000","","","","0060t00000TOnUBAA1","false","70","a1Vf4000002O5pQEAS",""
"a1K0t000004KLxGEAW","false","00700330","BRL","2020-04-15T18:56:53.000+0000","005f4000000jPAEAA2","2020-04-15T18:56:53.000+0000","005f4000000jPAEAA2","2020-04-15T18:56:53.000+0000","","","","0060t00000TOnUBAA1","false","1.8","a1Vf4000002O5pHEAS",""
"a1K0t000004KLpQEAW","false","00700547","BRL","2020-04-15T19:00:04.000+0000","005f4000000jPAEAA2","2020-04-15T19:00:04.000+0000","005f4000000jPAEAA2","2020-04-15T19:00:04.000+0000","","","","0060t00000TOnUeAAL","false","70","a1Vf4000002O5pQEAS",""
"a1K0t000004KLpREAW","false","00700548","BRL","2020-04-15T19:00:04.000+0000","005f4000000jPAEAA2","2020-04-15T19:00:04.000+0000","005f4000000jPAEAA2","2020-04-15T19:00:04.000+0000","","","","0060t00000TOnUeAAL","false","1.8","a1Vf4000002O5pHEAS",""
"a1K0t000004KLpzEAG","false","00700515","BRL","2020-04-15T19:00:04.000+0000","005f4000000jPAEAA2","2020-04-15T19:00:04.000+0000","005f4000000jPAEAA2","2020-04-15T19:00:04.000+0000","","","","0060t00000TOnV3AAL","false","70","a1Vf4000002O5pQEAS",""
"a1K0t000004KLq0EAG","false","00700516","BRL","2020-04-15T19:00:04.000+0000","005f4000000jPAEAA2","2020-04-15T19:00:04.000+0000","005f4000000jPAEAA2","2020-04-15T19:00:04.000+0000","","","","0060t00000TOnV3AAL","false","1.8","a1Vf4000002O5pHEAS",""
"a1K0t000004KLquEAG","false","00700261","BRL","2020-04-15T18:56:45.000+0000","005f4000000jPAEAA2","2020-04-15T18:56:45.000+0000","005f4000000jPAEAA2","2020-04-15T18:56:45.000+0000","","","","0060t00000TOnViAAL","false","70","a1Vf4000002O5pQEAS",""
"a1K0t000004KLveEAG","false","00700262","BRL","2020-04-15T18:56:45.000+0000","005f4000000jPAEAA2","2020-04-15T18:56:45.000+0000","005f4000000jPAEAA2","2020-04-15T18:56:45.000+0000","","","","0060t00000TOnViAAL","false","1.8","a1Vf4000002O5pHEAS",""
"a1K0t000004KLrWEAW","false","00700267","BRL","2020-04-15T18:56:45.000+0000","005f4000000jPAEAA2","2020-04-15T18:56:45.000+0000","005f4000000jPAEAA2","2020-04-15T18:56:45.000+0000","","","","0060t00000TOnVsAAL","false","70","a1Vf4000002O5pQEAS",""
"a1K0t000004KLvtEAG","false","00700268","BRL","2020-04-15T18:56:45.000+0000","005f4000000jPAEAA2","2020-04-15T18:56:45.000+0000","005f4000000jPAEAA2","2020-04-15T18:56:45.000+0000","","","","0060t00000TOnVsAAL","false","1.8","a1Vf4000002O5pHEAS",""
"a1K0t000004KLvuEAG","false","00700313","BRL","2020-04-15T18:56:53.000+0000","005f4000000jPAEAA2","2020-04-15T18:56:53.000+0000","005f4000000jPAEAA2","2020-04-15T18:56:53.000+0000","","","","0060t00000TOnVtAAL","false","70","a1Vf4000002O5pQEAS",""
"a1K0t000004KLvvEAG","false","00700314","BRL","2020-04-15T18:56:53.000+0000","005f4000000jPAEAA2","2020-04-15T18:56:53.000+0000","005f4000000jPAEAA2","2020-04-15T18:56:53.000+0000","","","","0060t00000TOnVtAAL","false","1.8","a1Vf4000002O5pHEAS",""
"a1K0t000004KLsNEAW","false","00700271","BRL","2020-04-15T18:56:45.000+0000","005f4000000jPAEAA2","2020-04-15T18:56:45.000+0000","005f4000000jPAEAA2","2020-04-15T18:56:45.000+0000","","","","0060t00000TOnWLAA1","false","70","a1Vf4000002O5pQEAS",""
"a1K0t000004KLsOEAW","false","00700272","BRL","2020-04-15T18:56:45.000+0000","005f4000000jPAEAA2","2020-04-15T18:56:45.000+0000","005f4000000jPAEAA2","2020-04-15T18:56:45.000+0000","","","","0060t00000TOnWLAA1","false","1.8","a1Vf4000002O5pHEAS",""
"a1K0t000004KLt1EAG","false","00700239","BRL","2020-04-15T18:56:44.000+0000","005f4000000jPAEAA2","2020-04-15T18:56:44.000+0000","005f4000000jPAEAA2","2020-04-15T18:56:44.000+0000","","","","0060t00000TOnWaAAL","false","70","a1Vf4000002O5pQEAS",""
"a1K0t000004KLt2EAG","false","00700240","BRL","2020-04-15T18:56:44.000+0000","005f4000000jPAEAA2","2020-04-15T18:56:44.000+0000","005f4000000jPAEAA2","2020-04-15T18:56:44.000+0000","","","","0060t00000TOnWaAAL","false","1.8","a1Vf4000002O5pHEAS",""
"a1K0t000004KLt3EAG","false","00700335","BRL","2020-04-15T18:56:53.000+0000","005f4000000jPAEAA2","2020-04-15T18:56:53.000+0000","005f4000000jPAEAA2","2020-04-15T18:56:53.000+0000","","","","0060t00000TOnWbAAL","false","70","a1Vf4000002O5pQEAS",""
"a1K0t000004KLxLEAW","false","00700336","BRL","2020-04-15T18:56:53.000+0000","005f4000000jPAEAA2","2020-04-15T18:56:53.000+0000","005f4000000jPAEAA2","2020-04-15T18:56:53.000+0000","","","","0060t00000TOnWbAAL","false","1.8","a1Vf4000002O5pHEAS",""
"a1K0t000004KLuqEAG","false","00700193","BRL","2020-04-15T18:56:35.000+0000","005f4000000jPAEAA2","2020-04-15T18:56:35.000+0000","005f4000000jPAEAA2","2020-04-15T18:56:35.000+0000","","","","0060t00000TOnXNAA1","false","70","a1Vf4000002O5pQEAS",""
"a1K0t000004KLurEAG","false","00700194","BRL","2020-04-15T18:56:35.000+0000","005f4000000jPAEAA2","2020-04-15T18:56:35.000+0000","005f4000000jPAEAA2","2020-04-15T18:56:35.000+0000","","","","0060t00000TOnXNAA1","false","1.8","a1Vf4000002O5pHEAS",""
"a1K0t000004KLuREAW","false","00700177","BRL","2020-04-15T18:56:35.000+0000","005f4000000jPAEAA2","2020-04-15T18:56:35.000+0000","005f4000000jPAEAA2","2020-04-15T18:56:35.000+0000","","","","0060t00000TOnXSAA1","false","70","a1Vf4000002O5pQEAS",""
"a1K0t000004KLuSEAW","false","00700178","BRL","2020-04-15T18:56:35.000+0000","005f4000000jPAEAA2","2020-04-15T18:56:35.000+0000","005f4000000jPAEAA2","2020-04-15T18:56:35.000+0000","","","","0060t00000TOnXSAA1","false","1.8","a1Vf4000002O5pHEAS",""
"a1K0t000004KLupEAG","false","00700431","BRL","2020-04-15T18:57:03.000+0000","005f4000000jPAEAA2","2020-04-15T18:57:03.000+0000","005f4000000jPAEAA2","2020-04-15T18:57:03.000+0000","","","","0060t00000TOnXZAA1","false","70","a1Vf4000002O5pQEAS",""
"a1K0t000004KLzHEAW","false","00700432","BRL","2020-04-15T18:57:03.000+0000","005f4000000jPAEAA2","2020-04-15T18:57:03.000+0000","005f4000000jPAEAA2","2020-04-15T18:57:03.000+0000","","","","0060t00000TOnXZAA1","false","1.8","a1Vf4000002O5pHEAS",""
"a1K0t000004KLuvEAG","false","00700205","BRL","2020-04-15T18:56:44.000+0000","005f4000000jPAEAA2","2020-04-15T18:56:44.000+0000","005f4000000jPAEAA2","2020-04-15T18:56:44.000+0000","","","","0060t00000TOnXcAAL","false","70","a1Vf4000002O5pQEAS",""
"a1K0t000004KLuwEAG","false","00700206","BRL","2020-04-15T18:56:44.000+0000","005f4000000jPAEAA2","2020-04-15T18:56:44.000+0000","005f4000000jPAEAA2","2020-04-15T18:56:44.000+0000","","","","0060t00000TOnXcAAL","false","1.8","a1Vf4000002O5pHEAS",""
"a1K0t000004KLvFEAW","false","00700225","BRL","2020-04-15T18:56:44.000+0000","005f4000000jPAEAA2","2020-04-15T18:56:44.000+0000","005f4000000jPAEAA2","2020-04-15T18:56:44.000+0000","","","","0060t00000TOnXwAAL","false","70","a1Vf4000002O5pQEAS",""
"a1K0t000004KLvGEAW","false","00700226","BRL","2020-04-15T18:56:44.000+0000","005f4000000jPAEAA2","2020-04-15T18:56:44.000+0000","005f4000000jPAEAA2","2020-04-15T18:56:44.000+0000","","","","0060t00000TOnXwAAL","false","1.8","a1Vf4000002O5pHEAS",""
"a1K0t000004KLwcEAG","false","00700289","BRL","2020-04-15T18:56:45.000+0000","005f4000000jPAEAA2","2020-04-15T18:56:45.000+0000","005f4000000jPAEAA2","2020-04-15T18:56:45.000+0000","","","","0060t00000TOnYQAA1","false","70","a1Vf4000002O5pQEAS",""
"a1K0t000004KLwdEAG","false","00700290","BRL","2020-04-15T18:56:45.000+0000","005f4000000jPAEAA2","2020-04-15T18:56:45.000+0000","005f4000000jPAEAA2","2020-04-15T18:56:45.000+0000","","","","0060t00000TOnYQAA1","false","1.8","a1Vf4000002O5pHEAS",""
"a1K0t000004KLwrEAG","false","00700309","BRL","2020-04-15T18:56:53.000+0000","005f4000000jPAEAA2","2020-04-15T18:56:53.000+0000","005f4000000jPAEAA2","2020-04-15T18:56:53.000+0000","","","","0060t00000TOnYVAA1","false","70","a1Vf4000002O5pQEAS",""
"a1K0t000004KLwsEAG","false","00700310","BRL","2020-04-15T18:56:53.000+0000","005f4000000jPAEAA2","2020-04-15T18:56:53.000+0000","005f4000000jPAEAA2","2020-04-15T18:56:53.000+0000","","","","0060t00000TOnYVAA1","false","1.8","a1Vf4000002O5pHEAS",""
"a1K0t000004KLx1EAG","false","00700319","BRL","2020-04-15T18:56:53.000+0000","005f4000000jPAEAA2","2020-04-15T18:56:53.000+0000","005f4000000jPAEAA2","2020-04-15T18:56:53.000+0000","","","","0060t00000TOnYaAAL","false","70","a1Vf4000002O5pQEAS",""
"a1K0t000004KLx2EAG","false","00700320","BRL","2020-04-15T18:56:53.000+0000","005f4000000jPAEAA2","2020-04-15T18:56:53.000+0000","005f4000000jPAEAA2","2020-04-15T18:56:53.000+0000","","","","0060t00000TOnYaAAL","false","1.8","a1Vf4000002O5pHEAS",""
"a1K0t000004KLwwEAG","false","00700311","BRL","2020-04-15T18:56:53.000+0000","005f4000000jPAEAA2","2020-04-15T18:56:53.000+0000","005f4000000jPAEAA2","2020-04-15T18:56:53.000+0000","","","","0060t00000TOnYfAAL","false","70","a1Vf4000002O5pQEAS",""
"a1K0t000004KLwxEAG","false","00700312","BRL","2020-04-15T18:56:53.000+0000","005f4000000jPAEAA2","2020-04-15T18:56:53.000+0000","005f4000000jPAEAA2","2020-04-15T18:56:53.000+0000","","","","0060t00000TOnYfAAL","false","1.8","a1Vf4000002O5pHEAS",""
"a1K0t000004KLxBEAW","false","00700328","BRL","2020-04-15T18:56:53.000+0000","005f4000000jPAEAA2","2020-04-15T18:56:53.000+0000","005f4000000jPAEAA2","2020-04-15T18:56:53.000+0000","","","","0060t00000TOnYpAAL","false","1.8","a1Vf4000002O5pHEAS",""
"a1K0t000004KLxCEAW","false","00700501","BRL","2020-04-15T18:57:05.000+0000","005f4000000jPAEAA2","2020-04-15T18:57:05.000+0000","005f4000000jPAEAA2","2020-04-15T18:57:05.000+0000","","","","0060t00000TOnYqAAL","false","70","a1Vf4000002O5pQEAS",""
"a1K0t000004KLxDEAW","false","00700502","BRL","2020-04-15T18:57:05.000+0000","005f4000000jPAEAA2","2020-04-15T18:57:05.000+0000","005f4000000jPAEAA2","2020-04-15T18:57:05.000+0000","","","","0060t00000TOnYqAAL","false","1.8","a1Vf4000002O5pHEAS",""
"a1K0t000004KLy6EAG","false","00700491","BRL","2020-04-15T18:57:04.000+0000","005f4000000jPAEAA2","2020-04-15T18:57:04.000+0000","005f4000000jPAEAA2","2020-04-15T18:57:04.000+0000","","","","0060t00000TOnZPAA1","false","70","a1Vf4000002O5pQEAS",""
"a1K0t000004KLy7EAG","false","00700492","BRL","2020-04-15T18:57:04.000+0000","005f4000000jPAEAA2","2020-04-15T18:57:04.000+0000","005f4000000jPAEAA2","2020-04-15T18:57:04.000+0000","","","","0060t00000TOnZPAA1","false","1.8","a1Vf4000002O5pHEAS",""
"a1K0t000004KLz2EAG","false","00700421","BRL","2020-04-15T18:57:03.000+0000","005f4000000jPAEAA2","2020-04-15T18:57:03.000+0000","005f4000000jPAEAA2","2020-04-15T18:57:03.000+0000","","","","0060t00000TOnZdAAL","false","70","a1Vf4000002O5pQEAS",""
"a1K0t000004KLz3EAG","false","00700422","BRL","2020-04-15T18:57:03.000+0000","005f4000000jPAEAA2","2020-04-15T18:57:03.000+0000","005f4000000jPAEAA2","2020-04-15T18:57:03.000+0000","","","","0060t00000TOnZdAAL","false","1.8","a1Vf4000002O5pHEAS",""
"a1K0t000004KLysEAG","false","00700417","BRL","2020-04-15T18:57:03.000+0000","005f4000000jPAEAA2","2020-04-15T18:57:03.000+0000","005f4000000jPAEAA2","2020-04-15T18:57:03.000+0000","","","","0060t00000TOnZsAAL","false","70","a1Vf4000002O5pQEAS",""
"a1K0t000004KLytEAG","false","00700418","BRL","2020-04-15T18:57:03.000+0000","005f4000000jPAEAA2","2020-04-15T18:57:03.000+0000","005f4000000jPAEAA2","2020-04-15T18:57:03.000+0000","","","","0060t00000TOnZsAAL","false","1.8","a1Vf4000002O5pHEAS",""
"a1K0t000004KLzMEAW","false","00700449","BRL","2020-04-15T18:57:04.000+0000","005f4000000jPAEAA2","2020-04-15T18:57:04.000+0000","005f4000000jPAEAA2","2020-04-15T18:57:04.000+0000","","","","0060t00000TOnaMAAT","false","70","a1Vf4000002O5pQEAS",""
"a1K0t000004KLzNEAW","false","00700450","BRL","2020-04-15T18:57:04.000+0000","005f4000000jPAEAA2","2020-04-15T18:57:04.000+0000","005f4000000jPAEAA2","2020-04-15T18:57:04.000+0000","","","","0060t00000TOnaMAAT","false","1.8","a1Vf4000002O5pHEAS",""
"a1K0t000004KM2BEAW","false","00700557","BRL","2020-04-15T19:00:04.000+0000","005f4000000jPAEAA2","2020-04-15T19:00:04.000+0000","005f4000000jPAEAA2","2020-04-15T19:00:04.000+0000","","","","0060t00000TOnc8AAD","false","70","a1Vf4000002O5pQEAS",""
"a1K0t000004KM2CEAW","false","00700558","BRL","2020-04-15T19:00:04.000+0000","005f4000000jPAEAA2","2020-04-15T19:00:04.000+0000","005f4000000jPAEAA2","2020-04-15T19:00:04.000+0000","","","","0060t00000TOnc8AAD","false","1.8","a1Vf4000002O5pHEAS",""
"a1K0t000004KL2SEAW","false","00700327","BRL","2020-04-15T18:56:53.000+0000","005f4000000jPAEAA2","2020-04-15T18:56:53.000+0000","005f4000000jPAEAA2","2020-04-15T18:56:53.000+0000","","","","0060t00000TOnYpAAL","false","70","a1Vf4000002O5pQEAS",""
"a1K0t000004KM4eEAG","false","00700673","BRL","2020-04-15T19:00:14.000+0000","005f4000000jPAEAA2","2020-04-15T19:00:14.000+0000","005f4000000jPAEAA2","2020-04-15T19:00:14.000+0000","","","","0060t00000TOndkAAD","false","70","a1Vf4000002O5pQEAS",""
"a1K0t000004KM4fEAG","false","00700674","BRL","2020-04-15T19:00:14.000+0000","005f4000000jPAEAA2","2020-04-15T19:00:14.000+0000","005f4000000jPAEAA2","2020-04-15T19:00:14.000+0000","","","","0060t00000TOndkAAD","false","1.8","a1Vf4000002O5pHEAS",""